Project ID,Project Name,Quantity,Vintage,Serial Number,Product Type,Country,Project Type,Methodology,Issuance,Monitoring Period Start,Monitoring Period End,Gold Standard Buffer Data,Updated 11-1-23,Total Buffer Pool:,1214585
GS1013,Kocaeli Landfill Gas to Electricity Project,774,2012,GS1-1-TR-GS1013-21-2012-3384-25872-26645,VER,Turkey,Other,ACM0001 Flaring or use of landfill gas,2014-07-14 00:00:00,2013-01-01,2015-05-31,,,,
GS11154,JOil Jatropha plantation in Ghana ,904,2018,GS1-1-GH-GS11154-21-2018-22316-1-904,VER,Ghana,A/R,Afforestation/Reforestation GHG Emissions Reduction & Sequestration Methodology,2022-03-09 00:00:00,2013-08-19,2015-10-31,,,,
GS11154,JOil Jatropha plantation in Ghana ,1594,2019,GS1-1-GH-GS11154-21-2019-22317-1-1594,VER,Ghana,A/R,Afforestation/Reforestation GHG Emissions Reduction & Sequestration Methodology,2022-03-09 00:00:00,2012-03-01,2017-08-31,,,,
GS11154,JOil Jatropha plantation in Ghana ,1253,2020,GS1-1-GH-GS11154-21-2020-22318-1-1253,VER,Ghana,A/R,Afforestation/Reforestation GHG Emissions Reduction & Sequestration Methodology,2022-03-09 00:00:00,2012-03-01,2017-08-31,,,,
GS11256,Changdao Geothermal Central Heating System,11409,2021,GS1-1-CN-GS11256-13-2021-22355-100001-111409,VER,China,Geothermal,AM0072 Fossil Fuel Displacement by Geothermal Resources for Space Heating,2022-04-12 00:00:00,2009-02-16,2016-12-31,,,,
GS1190,Hasanbeyli 50 MW WPP Turkey,891,2014,GS1-1-TR-GS1190-12-2014-6512-13902-14792,VER,Turkey,Wind,ACM0002 Grid-connected electricity generation from renewable sources,2018-04-25 00:00:00,2009-02-16,2016-12-31,,,,
GS1190,Hasanbeyli 50 MW WPP Turkey,12495,2014,GS1-1-TR-GS1190-12-2014-6512-1407-13901,VER,Turkey,Wind,ACM0002 Grid-connected electricity generation from renewable sources,2018-04-25 00:00:00,2009-02-16,2016-12-31,,,,
GS1230,Ege Wind Farm Project,130,2017,GS1-1-TR-GS1230-12-2017-19872-13-142,VER,Turkey,Wind,AMS-I.D. Grid connected renewable electricity generation,2020-07-16 00:00:00,2009-02-16,2016-12-31,,,,
GS2290,Buenos Aires Renewable Energy Project,2179,2012,GS1-1-BR-GS2290-8-2012-7355-1407-3585,VER,Brazil,"Biomass, or Liquid Biofuel - Heat",,2019-02-13 00:00:00,2009-02-16,2016-12-31,,,,
GS2290,Buenos Aires Renewable Energy Project,2730,2013,GS1-1-BR-GS2290-8-2013-7354-67-2796,VER,Brazil,"Biomass, or Liquid Biofuel - Heat",,2019-02-13 00:00:00,2009-02-16,2016-12-31,,,,
GS2460,The CDQ Project in Tranvic Group,1865,2015,GS1-1-CN-GS2460-15-2015-5620-104542-106406,VER,China,Energy Efficiency - Industrial,ACM0012 Waste energy recovery,2017-01-25 00:00:00,2008-01-01,2008-12-31,,,,
GS2460,The CDQ Project in Tranvic Group,8962,2015,GS1-1-CN-GS2460-15-2015-5620-106407-115368,VER,China,Energy Efficiency - Industrial,ACM0012 Waste energy recovery,2017-01-25 00:00:00,2008-01-01,2008-12-31,,,,
GS2460,The CDQ Project in Tranvic Group,5192,2019,GS1-1-CN-GS2460-15-2019-20881-137109-142300,VER,China,Energy Efficiency - Industrial,ACM0012 Waste energy recovery,2021-04-26 00:00:00,2008-01-01,2008-12-31,,,,
GS2464,Akbuk Wind Power Plant,192,2019,GS1-1-TR-GS2464-12-2019-21558-1-192,VER,Turkey,Wind,ACM0002 Grid-connected electricity generation from renewable sources,2021-08-26 00:00:00,2007-03-08,2007-12-17,,,,
GS2543,Fuatres Wind Power Plant Turkey,2000,2018,GS1-1-TR-GS2543-12-2018-20251-10154-12153,VER,Turkey,Wind,GS TPDDTEC v 2.,2020-11-06 00:00:00,2010-01-01,2010-12-31,,,,
GS2543,Fuatres Wind Power Plant Turkey,5712,2018,GS1-1-TR-GS2543-12-2018-20251-37347-43058,VER,Turkey,Wind,GS TPDDTEC v 2.,2020-11-06 00:00:00,2020-11-15,2021-03-31,,,,
GS2543,Fuatres Wind Power Plant Turkey,1781,2018,GS1-1-TR-GS2543-12-2018-20251-43059-44839,VER,Turkey,Wind,GS TPDDTEC v 2.,2020-11-06 00:00:00,2014-03-10,2016-05-31,,,,
GS2543,Fuatres Wind Power Plant Turkey,2000,2018,GS1-1-TR-GS2543-12-2018-20251-44840-46839,VER,Turkey,Wind,GS TPDDTEC v 2.,2020-11-06 00:00:00,2014-03-10,2016-05-31,,,,
GS2545,Koru Wind Power Plant Turkey,8378,2016,GS1-1-TR-GS2545-12-2016-6141-33121-41498,VER,Turkey,Wind,ACM0002 Grid-connected electricity generation from renewable sources,2017-11-22 00:00:00,2017-09-29,2020-02-29,,,,
GS2940,CO2OL Tropical Mix ,483,1997,GS1-1-PA-GS2940-21-1997-19660-1-483,VER,Panama,A/R,Afforestation/Reforestation GHG Emissions Reduction & Sequestration Methodology,2020-04-30 00:00:00,2014-11-04,2020-12-31,,,,
GS2940,CO2OL Tropical Mix ,461,1998,GS1-1-PA-GS2940-21-1998-19649-1-461,VER,Panama,A/R,Afforestation/Reforestation GHG Emissions Reduction & Sequestration Methodology,2020-04-30 00:00:00,2009-01-01,2020-12-31,,,,
GS2940,CO2OL Tropical Mix ,960,1999,GS1-1-PA-GS2940-21-1999-19647-1-960,VER,Panama,A/R,Afforestation/Reforestation GHG Emissions Reduction & Sequestration Methodology,2020-04-30 00:00:00,2009-01-01,2020-12-31,,,,
GS2940,CO2OL Tropical Mix ,1571,2000,GS1-1-PA-GS2940-21-2000-19653-1-1571,VER,Panama,A/R,Afforestation/Reforestation GHG Emissions Reduction & Sequestration Methodology,2020-04-30 00:00:00,2009-01-01,2020-12-31,,,,
GS2940,CO2OL Tropical Mix ,2093,2001,GS1-1-PA-GS2940-21-2001-19645-1-2093,VER,Panama,A/R,Afforestation/Reforestation GHG Emissions Reduction & Sequestration Methodology,2020-04-30 00:00:00,2009-01-01,2020-12-31,,,,
GS2940,CO2OL Tropical Mix ,2149,2002,GS1-1-PA-GS2940-21-2002-19641-1-2149,VER,Panama,A/R,Afforestation/Reforestation GHG Emissions Reduction & Sequestration Methodology,2020-04-30 00:00:00,2009-01-01,2020-12-31,,,,
GS2940,CO2OL Tropical Mix ,3330,2003,GS1-1-PA-GS2940-21-2003-19648-1-3330,VER,Panama,A/R,Afforestation/Reforestation GHG Emissions Reduction & Sequestration Methodology,2020-04-30 00:00:00,2009-05-01,2011-12-31,,,,
GS2940,CO2OL Tropical Mix ,3594,2004,GS1-1-PA-GS2940-21-2004-19640-1-3594,VER,Panama,A/R,Afforestation/Reforestation GHG Emissions Reduction & Sequestration Methodology,2020-04-30 00:00:00,2009-05-01,2011-12-31,,,,
GS2940,CO2OL Tropical Mix ,4006,2005,GS1-1-PA-GS2940-21-2005-19654-1-4006,VER,Panama,A/R,Afforestation/Reforestation GHG Emissions Reduction & Sequestration Methodology,2020-04-30 00:00:00,2010-07-03,2013-03-31,,,,
GS2940,CO2OL Tropical Mix ,8826,2006,GS1-1-PA-GS2940-21-2006-19657-1-8826,VER,Panama,A/R,Afforestation/Reforestation GHG Emissions Reduction & Sequestration Methodology,2020-04-30 00:00:00,2010-07-03,2013-03-31,,,,
GS2940,CO2OL Tropical Mix ,6478,2007,GS1-1-PA-GS2940-21-2007-19656-1-6478,VER,Panama,A/R,Afforestation/Reforestation GHG Emissions Reduction & Sequestration Methodology,2020-04-30 00:00:00,2010-07-03,2013-03-31,,,,
GS2940,CO2OL Tropical Mix ,11111,2008,GS1-1-PA-GS2940-21-2008-19644-1-11111,VER,Panama,A/R,Afforestation/Reforestation GHG Emissions Reduction & Sequestration Methodology,2020-04-30 00:00:00,2010-01-01,2010-12-31,,,,
GS2940,CO2OL Tropical Mix ,57431,2009,GS1-1-PA-GS2940-21-2009-19646-1-57431,VER,Panama,A/R,Afforestation/Reforestation GHG Emissions Reduction & Sequestration Methodology,2020-04-30 00:00:00,2014-01-16,2019-07-26,,,,
GS2940,CO2OL Tropical Mix ,1755,2010,GS1-1-PA-GS2940-21-2010-19659-1-1755,VER,Panama,A/R,Afforestation/Reforestation GHG Emissions Reduction & Sequestration Methodology,2020-04-30 00:00:00,2014-01-16,2019-07-26,,,,
GS2940,CO2OL Tropical Mix ,84886,2010,GS1-1-PA-GS2940-21-2010-20661-1-84886,VER,Panama,A/R,Afforestation/Reforestation GHG Emissions Reduction & Sequestration Methodology,2021-03-18 00:00:00,2014-01-16,2019-07-26,,,,
GS2940,CO2OL Tropical Mix ,123610,2011,GS1-1-PA-GS2940-21-2011-20666-1-123610,VER,Panama,A/R,Afforestation/Reforestation GHG Emissions Reduction & Sequestration Methodology,2021-03-18 00:00:00,2006-01-01,2014-12-31,,,,
GS2940,CO2OL Tropical Mix ,5740,2011,GS1-1-PA-GS2940-21-2011-21673-1-5740,VER,Panama,A/R,Afforestation/Reforestation GHG Emissions Reduction & Sequestration Methodology,2021-09-17 00:00:00,2006-01-01,2014-12-31,,,,
GS2940,CO2OL Tropical Mix ,98508,2012,GS1-1-PA-GS2940-21-2012-21667-1-98508,VER,Panama,A/R,Afforestation/Reforestation GHG Emissions Reduction & Sequestration Methodology,2021-09-17 00:00:00,2006-01-01,2014-12-31,,,,
GS2940,CO2OL Tropical Mix ,764,1996,GS1-1-PA-GS2940-22-1996-3871-1-764,VER,Panama,A/R,Afforestation/Reforestation GHG Emissions Reduction & Sequestration Methodology,2014-12-15 00:00:00,2006-01-01,2014-12-31,,,,
GS2940,CO2OL Tropical Mix ,1122,1997,GS1-1-PA-GS2940-22-1997-3870-1-1122,VER,Panama,A/R,Afforestation/Reforestation GHG Emissions Reduction & Sequestration Methodology,2014-12-15 00:00:00,2006-01-01,2014-12-31,,,,
GS2940,CO2OL Tropical Mix ,1437,1998,GS1-1-PA-GS2940-22-1998-3869-1-1437,VER,Panama,A/R,Afforestation/Reforestation GHG Emissions Reduction & Sequestration Methodology,2014-12-15 00:00:00,2006-01-01,2014-12-31,,,,
GS2940,CO2OL Tropical Mix ,2028,1999,GS1-1-PA-GS2940-22-1999-3868-1-2028,VER,Panama,A/R,Afforestation/Reforestation GHG Emissions Reduction & Sequestration Methodology,2014-12-15 00:00:00,2006-01-01,2014-12-31,,,,
GS2940,CO2OL Tropical Mix ,2293,2000,GS1-1-PA-GS2940-22-2000-3867-1-2293,VER,Panama,A/R,Afforestation/Reforestation GHG Emissions Reduction & Sequestration Methodology,2014-12-15 00:00:00,2006-01-01,2014-12-31,,,,
GS2940,CO2OL Tropical Mix ,2375,2001,GS1-1-PA-GS2940-22-2001-3866-1-2375,VER,Panama,A/R,Afforestation/Reforestation GHG Emissions Reduction & Sequestration Methodology,2014-12-15 00:00:00,2006-01-01,2014-12-31,,,,
GS2940,CO2OL Tropical Mix ,2958,2002,GS1-1-PA-GS2940-22-2002-3865-1-2958,VER,Panama,A/R,Afforestation/Reforestation GHG Emissions Reduction & Sequestration Methodology,2014-12-15 00:00:00,2006-01-01,2014-12-31,,,,
GS2940,CO2OL Tropical Mix ,3193,2003,GS1-1-PA-GS2940-22-2003-3864-1-3193,VER,Panama,A/R,Afforestation/Reforestation GHG Emissions Reduction & Sequestration Methodology,2014-12-15 00:00:00,2006-01-01,2014-12-31,,,,
GS2940,CO2OL Tropical Mix ,3641,2004,GS1-1-PA-GS2940-22-2004-3863-1-3641,VER,Panama,A/R,Afforestation/Reforestation GHG Emissions Reduction & Sequestration Methodology,2014-12-15 00:00:00,2006-01-01,2014-12-31,,,,
GS2940,CO2OL Tropical Mix ,6576,2005,GS1-1-PA-GS2940-22-2005-3862-1-6576,VER,Panama,A/R,Afforestation/Reforestation GHG Emissions Reduction & Sequestration Methodology,2014-12-15 00:00:00,2006-10-01,2040-09-30,,,,
GS2940,CO2OL Tropical Mix ,11564,2006,GS1-1-PA-GS2940-22-2006-3861-1-11564,VER,Panama,A/R,Afforestation/Reforestation GHG Emissions Reduction & Sequestration Methodology,2014-12-15 00:00:00,2007-01-01,2036-12-31,,,,
GS2940,CO2OL Tropical Mix ,4003,2007,GS1-1-PA-GS2940-22-2007-3860-1-4003,VER,Panama,A/R,Afforestation/Reforestation GHG Emissions Reduction & Sequestration Methodology,2014-12-15 00:00:00,2008-01-01,2016-12-31,,,,
GS2940,CO2OL Tropical Mix ,1094,2010,GS1-1-PA-GS2940-22-2010-5823-1-1094,VER,Panama,A/R,Afforestation/Reforestation GHG Emissions Reduction & Sequestration Methodology,2017-04-20 00:00:00,2006-10-01,2040-09-30,,,,
GS2940,CO2OL Tropical Mix ,1094,2010,GS1-1-PA-GS2940-22-2010-6128-1-1094,VER,Panama,A/R,Afforestation/Reforestation GHG Emissions Reduction & Sequestration Methodology,2017-11-08 00:00:00,2007-01-01,2036-12-31,,,,
GS2940,CO2OL Tropical Mix ,1878,2010,GS1-1-PA-GS2940-22-2010-7060-1-1878,VER,Panama,A/R,Afforestation/Reforestation GHG Emissions Reduction & Sequestration Methodology,2018-11-02 00:00:00,2008-01-01,2016-12-31,,,,
GS2940,CO2OL Tropical Mix ,1856,2011,GS1-1-PA-GS2940-22-2011-5822-1-1856,VER,Panama,A/R,Afforestation/Reforestation GHG Emissions Reduction & Sequestration Methodology,2017-04-20 00:00:00,2018-06-07,2020-10-15,,,,
GS2940,CO2OL Tropical Mix ,176,2011,GS1-1-PA-GS2940-22-2011-5998-1-176,VER,Panama,A/R,Afforestation/Reforestation GHG Emissions Reduction & Sequestration Methodology,2017-08-16 00:00:00,2018-06-07,2020-10-15,,,,
GS2940,CO2OL Tropical Mix ,1856,2011,GS1-1-PA-GS2940-22-2011-6127-1-1856,VER,Panama,A/R,Afforestation/Reforestation GHG Emissions Reduction & Sequestration Methodology,2017-11-08 00:00:00,2018-06-07,2020-10-15,,,,
GS2940,CO2OL Tropical Mix ,3709,2011,GS1-1-PA-GS2940-22-2011-7061-1-3709,VER,Panama,A/R,Afforestation/Reforestation GHG Emissions Reduction & Sequestration Methodology,2018-11-02 00:00:00,2018-04-01,2019-04-30,,,,
GS2940,CO2OL Tropical Mix ,2165,2012,GS1-1-PA-GS2940-22-2012-5821-1-2165,VER,Panama,A/R,Afforestation/Reforestation GHG Emissions Reduction & Sequestration Methodology,2017-04-20 00:00:00,2016-04-01,2018-03-31,,,,
GS2940,CO2OL Tropical Mix ,814,2012,GS1-1-PA-GS2940-22-2012-5997-1-814,VER,Panama,A/R,Afforestation/Reforestation GHG Emissions Reduction & Sequestration Methodology,2017-08-16 00:00:00,2015-04-01,2021-03-31,,,,
GS2940,CO2OL Tropical Mix ,2165,2012,GS1-1-PA-GS2940-22-2012-6126-1-2165,VER,Panama,A/R,Afforestation/Reforestation GHG Emissions Reduction & Sequestration Methodology,2017-11-08 00:00:00,2015-04-01,2021-03-31,,,,
GS2940,CO2OL Tropical Mix ,4328,2012,GS1-1-PA-GS2940-22-2012-7062-1-4328,VER,Panama,A/R,Afforestation/Reforestation GHG Emissions Reduction & Sequestration Methodology,2018-11-02 00:00:00,2015-04-01,2021-03-31,,,,
GS2940,CO2OL Tropical Mix ,2434,2013,GS1-1-PA-GS2940-22-2013-5820-1-2434,VER,Panama,A/R,Afforestation/Reforestation GHG Emissions Reduction & Sequestration Methodology,2017-04-20 00:00:00,2015-04-01,2021-03-31,,,,
GS2940,CO2OL Tropical Mix ,1841,2013,GS1-1-PA-GS2940-22-2013-5996-1-1841,VER,Panama,A/R,Afforestation/Reforestation GHG Emissions Reduction & Sequestration Methodology,2017-08-16 00:00:00,2015-04-01,2021-03-31,,,,
GS2940,CO2OL Tropical Mix ,2434,2013,GS1-1-PA-GS2940-22-2013-6125-1-2434,VER,Panama,A/R,Afforestation/Reforestation GHG Emissions Reduction & Sequestration Methodology,2017-11-08 00:00:00,2015-04-01,2021-03-31,,,,
GS2940,CO2OL Tropical Mix ,4868,2013,GS1-1-PA-GS2940-22-2013-7063-1-4868,VER,Panama,A/R,Afforestation/Reforestation GHG Emissions Reduction & Sequestration Methodology,2018-11-02 00:00:00,2015-04-01,2021-03-31,,,,
GS2940,CO2OL Tropical Mix ,2540,2014,GS1-1-PA-GS2940-22-2014-5819-1-2540,VER,Panama,A/R,Afforestation/Reforestation GHG Emissions Reduction & Sequestration Methodology,2017-04-20 00:00:00,2005-04-01,2015-03-31,,,,
GS2940,CO2OL Tropical Mix ,2345,2014,GS1-1-PA-GS2940-22-2014-5995-1-2345,VER,Panama,A/R,Afforestation/Reforestation GHG Emissions Reduction & Sequestration Methodology,2017-08-16 00:00:00,2005-04-01,2015-03-31,,,,
GS2940,CO2OL Tropical Mix ,2540,2014,GS1-1-PA-GS2940-22-2014-6124-1-2540,VER,Panama,A/R,Afforestation/Reforestation GHG Emissions Reduction & Sequestration Methodology,2017-11-08 00:00:00,2005-04-01,2015-03-31,,,,
GS2940,CO2OL Tropical Mix ,5079,2014,GS1-1-PA-GS2940-22-2014-7064-1-5079,VER,Panama,A/R,Afforestation/Reforestation GHG Emissions Reduction & Sequestration Methodology,2018-11-02 00:00:00,2005-04-01,2015-03-31,,,,
GS2940,CO2OL Tropical Mix ,2789,2015,GS1-1-PA-GS2940-22-2015-5818-1-2789,VER,Panama,A/R,Afforestation/Reforestation GHG Emissions Reduction & Sequestration Methodology,2017-04-20 00:00:00,2005-04-01,2015-03-31,,,,
GS2940,CO2OL Tropical Mix ,6453,2015,GS1-1-PA-GS2940-22-2015-5994-1-6453,VER,Panama,A/R,Afforestation/Reforestation GHG Emissions Reduction & Sequestration Methodology,2017-08-16 00:00:00,2005-04-01,2015-03-31,,,,
GS2940,CO2OL Tropical Mix ,13943,2015,GS1-1-PA-GS2940-22-2015-6123-1-13943,VER,Panama,A/R,Afforestation/Reforestation GHG Emissions Reduction & Sequestration Methodology,2017-11-08 00:00:00,2005-04-01,2015-03-31,,,,
GS2940,CO2OL Tropical Mix ,5577,2015,GS1-1-PA-GS2940-22-2015-7065-1-5577,VER,Panama,A/R,Afforestation/Reforestation GHG Emissions Reduction & Sequestration Methodology,2018-11-02 00:00:00,2005-04-01,2015-03-31,,,,
GS3007,Sodo Ethiopia ,370,2008,GS1-1-ET-GS3007-22-2008-3070-187365-187734,VER,Ethiopia,A/R,Afforestation/Reforestation GHG Emissions Reduction & Sequestration Methodology,2014-04-10 00:00:00,2005-04-01,2015-03-31,,,,
GS3007,Sodo Ethiopia ,296,2008,GS1-1-ET-GS3007-22-2008-4664-1-296,VER,Ethiopia,A/R,Afforestation/Reforestation GHG Emissions Reduction & Sequestration Methodology,2015-11-25 00:00:00,2005-04-01,2015-03-31,,,,
GS3007,Sodo Ethiopia ,1104,2008,GS1-1-ET-GS3007-22-2008-6169-1-1104,VER,Ethiopia,A/R,Afforestation/Reforestation GHG Emissions Reduction & Sequestration Methodology,2017-12-07 00:00:00,2005-04-01,2015-03-31,,,,
GS3007,Sodo Ethiopia ,701,2009,GS1-1-ET-GS3007-22-2009-3069-184028-184728,VER,Ethiopia,A/R,Afforestation/Reforestation GHG Emissions Reduction & Sequestration Methodology,2014-04-10 00:00:00,2018-07-01,2019-06-30,,,,
GS3007,Sodo Ethiopia ,296,2009,GS1-1-ET-GS3007-22-2009-4663-1-296,VER,Ethiopia,A/R,Afforestation/Reforestation GHG Emissions Reduction & Sequestration Methodology,2015-11-25 00:00:00,2019-07-01,2020-06-30,,,,
GS3007,Sodo Ethiopia ,1054,2009,GS1-1-ET-GS3007-22-2009-6168-1-1054,VER,Ethiopia,A/R,Afforestation/Reforestation GHG Emissions Reduction & Sequestration Methodology,2017-12-07 00:00:00,2018-07-01,2019-06-30,,,,
GS3031,Afforestation Project in Tongliao Inner Mongolia ,28,2018,GS1-1-CN-GS3031-21-2018-21409-1-28,VER,China,A/R,Afforestation/Reforestation GHG Emissions Reduction & Sequestration Methodology,2021-08-06 00:00:00,2019-07-01,2020-06-30,,,,
GS3260,Afforestation on the Big Island of Hawaii: Restoring native hardwood forests and enhancing multiple ecosystem services ,162,2017,GS1-1-US-GS3260-21-2017-21781-1-162,VER,United States,A/R,Afforestation/Reforestation GHG Emissions Reduction & Sequestration Methodology,44480,2018-07-01,2019-06-30,,,,
GS3260,Afforestation on the Big Island of Hawaii: Restoring native hardwood forests and enhancing multiple ecosystem services ,898,2018,GS1-1-US-GS3260-21-2018-21780-1-898,VER,United States,A/R,Afforestation/Reforestation GHG Emissions Reduction & Sequestration Methodology,44480,2019-07-01,2020-06-30,,,,
GS3260,Afforestation on the Big Island of Hawaii: Restoring native hardwood forests and enhancing multiple ecosystem services ,464,2019,GS1-1-US-GS3260-21-2019-21779-1-464,VER,United States,A/R,Afforestation/Reforestation GHG Emissions Reduction & Sequestration Methodology,44480,2019-07-01,2020-06-30,,,,
GS3260,Afforestation on the Big Island of Hawaii: Restoring native hardwood forests and enhancing multiple ecosystem services ,52,2020,GS1-1-US-GS3260-21-2020-4343-1-52,VER,United States,A/R,Afforestation/Reforestation GHG Emissions Reduction & Sequestration Methodology,42160,2019-03-02,2020-09-30,,,,
GS3260,Afforestation on the Big Island of Hawaii: Restoring native hardwood forests and enhancing multiple ecosystem services ,34,2014,GS1-1-US-GS3260-22-2014-4345-1-34,VER,United States,A/R,Afforestation/Reforestation GHG Emissions Reduction & Sequestration Methodology,42160,2017-01-01,2018-12-31,,,,
GS3260,Afforestation on the Big Island of Hawaii: Restoring native hardwood forests and enhancing multiple ecosystem services ,43,2019,GS1-1-US-GS3260-22-2019-4344-1-43,VER,United States,A/R,Afforestation/Reforestation GHG Emissions Reduction & Sequestration Methodology,42160,1995-09-01,2024-12-31,,,,
GS3343,Afforestation on Degraded Lands in Mountainous Areas of Northern Guangdong China ,3103,2016,GS1-1-CN-GS3343-22-2016-23957-1-3103,VER,China,A/R,Afforestation/Reforestation GHG Emissions Reduction & Sequestration Methodology,2023-03-15 00:00:00,1995-09-01,2024-12-31,,,,
GS3343,Afforestation on Degraded Lands in Mountainous Areas of Northern Guangdong China ,2612,2017,GS1-1-CN-GS3343-22-2017-23958-1-2612,VER,China,A/R,Afforestation/Reforestation GHG Emissions Reduction & Sequestration Methodology,2023-03-15 00:00:00,1995-09-01,2024-12-31,,,,
GS3343,Afforestation on Degraded Lands in Mountainous Areas of Northern Guangdong China ,3356,2018,GS1-1-CN-GS3343-22-2018-23959-1-3356,VER,China,A/R,Afforestation/Reforestation GHG Emissions Reduction & Sequestration Methodology,2023-03-15 00:00:00,1995-09-01,2024-12-31,,,,
GS3343,Afforestation on Degraded Lands in Mountainous Areas of Northern Guangdong China ,3872,2019,GS1-1-CN-GS3343-22-2019-23960-1-3872,VER,China,A/R,Afforestation/Reforestation GHG Emissions Reduction & Sequestration Methodology,2023-03-15 00:00:00,1995-09-01,2024-12-31,,,,
GS3343,Afforestation on Degraded Lands in Mountainous Areas of Northern Guangdong China ,5179,2020,GS1-1-CN-GS3343-22-2020-23961-1-5179,VER,China,A/R,Afforestation/Reforestation GHG Emissions Reduction & Sequestration Methodology,2023-03-15 00:00:00,1995-09-01,2024-12-31,,,,
GS3379,Svilosa Biomass Project,5060,2015,GS1-1-BG-GS3379-21-2015-5214-42528-47587,VER,Bulgaria,"Biomass, or Liquid Biofuel - Electricity",AMS-I.C. Thermal energy production with or without electricity,2016-07-18 00:00:00,1995-09-01,2024-12-31,,,,
GS3421,ACP Sustainable Forest Cover Establishment Project ,1179,2013,GS1-1-PA-GS3421-22-2013-3474-1-1179,VER,Panama,A/R,Afforestation/Reforestation GHG Emissions Reduction & Sequestration Methodology,2014-08-15 00:00:00,1995-09-01,2024-12-31,,,,
GS3421,ACP Sustainable Forest Cover Establishment Project ,1648,2013,GS1-1-PA-GS3421-22-2013-6540-1-1648,VER,Panama,A/R,Afforestation/Reforestation GHG Emissions Reduction & Sequestration Methodology,2018-05-01 00:00:00,1995-09-01,2024-12-31,,,,
GS3421,ACP Sustainable Forest Cover Establishment Project ,5123,2014,GS1-1-PA-GS3421-22-2014-3473-1-5123,VER,Panama,A/R,Afforestation/Reforestation GHG Emissions Reduction & Sequestration Methodology,2014-08-15 00:00:00,1995-09-01,2024-12-31,,,,
GS3421,ACP Sustainable Forest Cover Establishment Project ,7160,2014,GS1-1-PA-GS3421-22-2014-6541-1-7160,VER,Panama,A/R,Afforestation/Reforestation GHG Emissions Reduction & Sequestration Methodology,2018-05-01 00:00:00,1995-09-01,2024-12-31,,,,
GS3421,ACP Sustainable Forest Cover Establishment Project ,5123,2015,GS1-1-PA-GS3421-22-2015-3472-1-5123,VER,Panama,A/R,Afforestation/Reforestation GHG Emissions Reduction & Sequestration Methodology,2014-08-15 00:00:00,1995-09-01,2024-12-31,,,,
GS3421,ACP Sustainable Forest Cover Establishment Project ,7160,2015,GS1-1-PA-GS3421-22-2015-6542-1-7160,VER,Panama,A/R,Afforestation/Reforestation GHG Emissions Reduction & Sequestration Methodology,2018-05-01 00:00:00,1995-09-01,2024-12-31,,,,
GS3421,ACP Sustainable Forest Cover Establishment Project ,5123,2016,GS1-1-PA-GS3421-22-2016-3471-1-5123,VER,Panama,A/R,Afforestation/Reforestation GHG Emissions Reduction & Sequestration Methodology,2014-08-15 00:00:00,1995-09-01,2024-12-31,,,,
GS3421,ACP Sustainable Forest Cover Establishment Project ,7160,2016,GS1-1-PA-GS3421-22-2016-6543-1-7160,VER,Panama,A/R,Afforestation/Reforestation GHG Emissions Reduction & Sequestration Methodology,2018-05-01 00:00:00,1995-09-01,2024-12-31,,,,
GS368,*Mare Manastir Wind Farm Turkey,2334,2007,GS1-1-TR-368-12-2007-7-62667-65000,VER,Turkey,Wind,ACM0002 Grid-connected electricity generation from renewable sources,2008-07-23 00:00:00,1995-09-01,2024-12-31,,,,
GS3965,22.5 MW Wind Power Project in Rajasthan India,100,2018,GS1-1-IN-GS3965-12-2018-19214-615-714,VER,India,Wind,ACM0002 Grid-connected electricity generation from renewable sources,2020-02-10 00:00:00,1995-09-01,2024-12-31,,,,
GS3969,100.5 MW Wind Power Project in Madhya Pradesh India,8536,2017,GS1-1-IN-GS3969-12-2017-6769-57591-66126,VER,India,Wind,ACM0002 Grid-connected electricity generation from renewable sources,2018-08-16 00:00:00,1995-09-01,2024-12-31,,,,
GS397,*Suzhou Qizi Mountain Landfill Gas Recovery Project (300259),3234,2008,GS1-1-CN-397-21-2008-43-67656-70889,VER,China,Other,ACM0001 Flaring or use of landfill gas,2010-06-17 00:00:00,1995-01-01,2014-12-31,,,,
GS397,*Suzhou Qizi Mountain Landfill Gas Recovery Project (300259),325,2008,GS1-1-CN-397-21-2008-43-84029-84353,VER,China,Other,ACM0001 Flaring or use of landfill gas,2010-06-17 00:00:00,1995-01-01,2014-12-31,,,,
GS397,*Suzhou Qizi Mountain Landfill Gas Recovery Project (300259),168,2008,GS1-1-CN-397-21-2008-43-84354-84521,VER,China,Other,ACM0001 Flaring or use of landfill gas,2010-06-17 00:00:00,1995-01-01,2014-12-31,,,,
GS398,Soma-Polat Wind Farm Project,4695,2019,GS1-1-TR-GS398-12-2019-21998-1-4695,VER,Turkey,Wind,ACM0002 Grid-connected electricity generation from renewable sources,2021-11-19 00:00:00,1995-01-01,2014-12-31,,,,
GS4221,Vichada Climate Reforestation Project (PAZ) ,17363,2017,GS1-1-CO-GS4221-21-2017-19623-1-17363,VER,Colombia,A/R,Afforestation/Reforestation GHG Emissions Reduction & Sequestration Methodology,2020-04-24 00:00:00,1995-01-01,2014-12-31,,,,
GS4221,Vichada Climate Reforestation Project (PAZ) ,36193,2018,GS1-1-CO-GS4221-21-2018-19624-1-36193,VER,Colombia,A/R,Afforestation/Reforestation GHG Emissions Reduction & Sequestration Methodology,2020-04-24 00:00:00,1995-01-01,2014-12-31,,,,
GS4221,Vichada Climate Reforestation Project (PAZ) ,48512,2019,GS1-1-CO-GS4221-21-2019-19625-1-48512,VER,Colombia,A/R,Afforestation/Reforestation GHG Emissions Reduction & Sequestration Methodology,2020-04-24 00:00:00,1995-01-01,2014-12-31,,,,
GS4221,Vichada Climate Reforestation Project (PAZ) ,58,2007,GS1-1-CO-GS4221-22-2007-6494-1-58,VER,Colombia,A/R,Afforestation/Reforestation GHG Emissions Reduction & Sequestration Methodology,2018-04-12 00:00:00,1995-01-01,2014-12-31,,,,
GS4221,Vichada Climate Reforestation Project (PAZ) ,393,2008,GS1-1-CO-GS4221-22-2008-6493-1-393,VER,Colombia,A/R,Afforestation/Reforestation GHG Emissions Reduction & Sequestration Methodology,2018-04-12 00:00:00,1995-01-01,2014-12-31,,,,
GS4221,Vichada Climate Reforestation Project (PAZ) ,27,2009,GS1-1-CO-GS4221-22-2009-6228-1-27,VER,Colombia,A/R,Afforestation/Reforestation GHG Emissions Reduction & Sequestration Methodology,2017-12-21 00:00:00,1995-01-01,2014-12-31,,,,
GS4221,Vichada Climate Reforestation Project (PAZ) ,42,2009,GS1-1-CO-GS4221-22-2009-6234-1-42,VER,Colombia,A/R,Afforestation/Reforestation GHG Emissions Reduction & Sequestration Methodology,2017-12-21 00:00:00,1995-01-01,2014-12-31,,,,
GS4221,Vichada Climate Reforestation Project (PAZ) ,42,2009,GS1-1-CO-GS4221-22-2009-6431-1-42,VER,Colombia,A/R,Afforestation/Reforestation GHG Emissions Reduction & Sequestration Methodology,2018-03-27 00:00:00,1995-01-01,2014-12-31,,,,
GS4221,Vichada Climate Reforestation Project (PAZ) ,26,2009,GS1-1-CO-GS4221-22-2009-6437-1-26,VER,Colombia,A/R,Afforestation/Reforestation GHG Emissions Reduction & Sequestration Methodology,2018-03-27 00:00:00,2010-01-01,2015-12-31,,,,
GS4221,Vichada Climate Reforestation Project (PAZ) ,995,2009,GS1-1-CO-GS4221-22-2009-6492-1-995,VER,Colombia,A/R,Afforestation/Reforestation GHG Emissions Reduction & Sequestration Methodology,2018-04-12 00:00:00,2010-01-01,2015-12-31,,,,
GS4221,Vichada Climate Reforestation Project (PAZ) ,1665,2010,GS1-1-CO-GS4221-22-2010-6491-1-1665,VER,Colombia,A/R,Afforestation/Reforestation GHG Emissions Reduction & Sequestration Methodology,2018-04-12 00:00:00,2010-01-01,2015-12-31,,,,
GS4221,Vichada Climate Reforestation Project (PAZ) ,2344,2011,GS1-1-CO-GS4221-22-2011-6490-1-2344,VER,Colombia,A/R,Afforestation/Reforestation GHG Emissions Reduction & Sequestration Methodology,2018-04-12 00:00:00,2010-01-01,2015-12-31,,,,
GS4221,Vichada Climate Reforestation Project (PAZ) ,2789,2012,GS1-1-CO-GS4221-22-2012-6489-1-2789,VER,Colombia,A/R,Afforestation/Reforestation GHG Emissions Reduction & Sequestration Methodology,2018-04-12 00:00:00,2011-01-01,2016-08-31,,,,
GS4221,Vichada Climate Reforestation Project (PAZ) ,3557,2013,GS1-1-CO-GS4221-22-2013-6488-1-3557,VER,Colombia,A/R,Afforestation/Reforestation GHG Emissions Reduction & Sequestration Methodology,2018-04-12 00:00:00,2010-01-01,2015-12-31,,,,
GS4221,Vichada Climate Reforestation Project (PAZ) ,5242,2014,GS1-1-CO-GS4221-22-2014-6487-1-5242,VER,Colombia,A/R,Afforestation/Reforestation GHG Emissions Reduction & Sequestration Methodology,2018-04-12 00:00:00,2010-01-01,2015-12-31,,,,
GS424,CECIC Zhangbei Dayangzhuang Wind Farm Project,5590,2013,CN-5-948801051-2-2-0-1855 - CN-5-948806640-2-2-0-1855,CER,China,Wind,ACM0002 Grid-connected electricity generation from renewable sources,2016-01-12 00:00:00,2010-01-01,2015-12-31,,,,
GS4240,Bagepalli CDM Reforestation Programme ,729,2015,GS1-1-IN-GS4240-21-2015-22004-1-729,VER,India,A/R,Afforestation/Reforestation GHG Emissions Reduction & Sequestration Methodology,2021-11-19 00:00:00,2011-01-01,2016-08-31,,,,
GS4240,Bagepalli CDM Reforestation Programme ,981,2016,GS1-1-IN-GS4240-21-2016-22005-1-981,VER,India,A/R,Afforestation/Reforestation GHG Emissions Reduction & Sequestration Methodology,2021-11-19 00:00:00,2010-01-01,2015-12-31,,,,
GS4240,Bagepalli CDM Reforestation Programme ,988,2017,GS1-1-IN-GS4240-21-2017-22006-1-988,VER,India,A/R,Afforestation/Reforestation GHG Emissions Reduction & Sequestration Methodology,2021-11-19 00:00:00,2010-01-01,2015-12-31,,,,
GS4240,Bagepalli CDM Reforestation Programme ,988,2018,GS1-1-IN-GS4240-21-2018-22007-1-988,VER,India,A/R,Afforestation/Reforestation GHG Emissions Reduction & Sequestration Methodology,2021-11-19 00:00:00,2010-01-01,2015-12-31,,,,
GS4240,Bagepalli CDM Reforestation Programme ,1785,2019,GS1-1-IN-GS4240-21-2019-22008-1-1785,VER,India,A/R,Afforestation/Reforestation GHG Emissions Reduction & Sequestration Methodology,2021-11-19 00:00:00,2011-01-01,2016-08-31,,,,
GS4240,Bagepalli CDM Reforestation Programme ,4718,2020,GS1-1-IN-GS4240-21-2020-22009-1-4718,VER,India,A/R,Afforestation/Reforestation GHG Emissions Reduction & Sequestration Methodology,2021-11-19 00:00:00,2010-01-01,2015-12-31,,,,
GS4240,Bagepalli CDM Reforestation Programme ,1442,2021,GS1-1-IN-GS4240-21-2021-22010-1-1442,VER,India,A/R,Afforestation/Reforestation GHG Emissions Reduction & Sequestration Methodology,2021-11-19 00:00:00,2010-01-01,2015-12-31,,,,
GS4240,Bagepalli CDM Reforestation Programme ,126,2005,GS1-1-IN-GS4240-22-2005-5030-1-126,VER,India,A/R,Afforestation/Reforestation GHG Emissions Reduction & Sequestration Methodology,2016-05-10 00:00:00,2010-01-01,2015-12-31,,,,
GS4240,Bagepalli CDM Reforestation Programme ,167,2006,GS1-1-IN-GS4240-22-2006-5029-1-167,VER,India,A/R,Afforestation/Reforestation GHG Emissions Reduction & Sequestration Methodology,2016-05-10 00:00:00,2011-01-01,2016-08-31,,,,
GS4240,Bagepalli CDM Reforestation Programme ,269,2007,GS1-1-IN-GS4240-22-2007-5028-1-269,VER,India,A/R,Afforestation/Reforestation GHG Emissions Reduction & Sequestration Methodology,2016-05-10 00:00:00,2010-01-01,2015-12-31,,,,
GS4240,Bagepalli CDM Reforestation Programme ,369,2008,GS1-1-IN-GS4240-22-2008-5027-1-369,VER,India,A/R,Afforestation/Reforestation GHG Emissions Reduction & Sequestration Methodology,2016-05-10 00:00:00,2010-01-01,2015-12-31,,,,
GS4240,Bagepalli CDM Reforestation Programme ,506,2009,GS1-1-IN-GS4240-22-2009-5026-1-506,VER,India,A/R,Afforestation/Reforestation GHG Emissions Reduction & Sequestration Methodology,2016-05-10 00:00:00,2010-01-01,2015-12-31,,,,
GS4240,Bagepalli CDM Reforestation Programme ,774,2010,GS1-1-IN-GS4240-22-2010-5025-1-774,VER,India,A/R,Afforestation/Reforestation GHG Emissions Reduction & Sequestration Methodology,2016-05-10 00:00:00,2011-01-01,2016-08-31,,,,
GS4240,Bagepalli CDM Reforestation Programme ,914,2011,GS1-1-IN-GS4240-22-2011-5024-1-914,VER,India,A/R,Afforestation/Reforestation GHG Emissions Reduction & Sequestration Methodology,2016-05-10 00:00:00,2010-01-01,2015-12-31,,,,
GS4240,Bagepalli CDM Reforestation Programme ,975,2012,GS1-1-IN-GS4240-22-2012-5023-1-975,VER,India,A/R,Afforestation/Reforestation GHG Emissions Reduction & Sequestration Methodology,2016-05-10 00:00:00,2010-01-01,2015-12-31,,,,
GS4240,Bagepalli CDM Reforestation Programme ,1012,2013,GS1-1-IN-GS4240-22-2013-5022-1-1012,VER,India,A/R,Afforestation/Reforestation GHG Emissions Reduction & Sequestration Methodology,2016-05-10 00:00:00,2013-01-01,2035-12-31,,,,
GS4240,Bagepalli CDM Reforestation Programme ,1015,2014,GS1-1-IN-GS4240-22-2014-5021-1-1015,VER,India,A/R,Afforestation/Reforestation GHG Emissions Reduction & Sequestration Methodology,2016-05-10 00:00:00,2013-01-01,2016-12-31,,,,
GS4240,Bagepalli CDM Reforestation Programme ,466,2015,GS1-1-IN-GS4240-22-2015-5020-1-466,VER,India,A/R,Afforestation/Reforestation GHG Emissions Reduction & Sequestration Methodology,2016-05-10 00:00:00,2013-01-01,2035-12-31,,,,
GS4288,Orb Energy Solar Program In India - VPA01,90,2019,GS1-1-IN-GS4288-2-2019-19549-94-183,VER,India,Solar Thermal - Electricity,AMS-I.C. Thermal energy production with or without electricity,2020-03-23 00:00:00,2013-01-01,2016-12-31,,,,
GS4288,Orb Energy Solar Program In India - VPA01,179,2020,GS1-1-IN-GS4288-2-2020-20647-1-179,VER,India,Solar Thermal - Electricity,AMS-I.C. Thermal energy production with or without electricity,2021-03-17 00:00:00,2013-01-01,2035-12-31,,,,
GS438,Dares Dat√ßa Wind Farm Project Turkey,120,2011,GS1-1-TR-GS438-12-2011-289-26764-26883,VER,Turkey,Wind,ACM0002 Grid-connected electricity generation from renewable sources,2012-10-12 00:00:00,2013-01-01,2016-12-31,,,,
GS449,*Honiton Energy Bailingmiao Phase One Windfarm Project,10000,2009,GS1-1-CN-GS449-12-2009-1259-59524-69523,VER,China,Wind,ACM0002 Grid-connected electricity generation from renewable sources,2013-07-12 00:00:00,2013-01-01,2035-12-31,,,,
GS449,*Honiton Energy Bailingmiao Phase One Windfarm Project,10000,2009,GS1-1-CN-GS449-12-2009-1259-69524-79523,VER,China,Wind,ACM0002 Grid-connected electricity generation from renewable sources,2013-07-12 00:00:00,2013-01-01,2016-12-31,,,,
GS455,*Ningxia Yinyi 49.50MW Wind-farm Project_preCDM VERs,3433,2007,GS1-1-CN-455-12-2007-8-33909-37341,VER,China,Wind,ACM0002 Grid-connected electricity generation from renewable sources,2008-09-15 00:00:00,2007-01-01,2007-12-31,,,,
GS4596,Orb Energy Solar Program in India - VPA02,151,2019,GS1-1-IN-GS4596-2-2019-19551-35-185,VER,India,Solar Thermal - Electricity,AMS-I.C. Thermal energy production with or without electricity,2020-03-23 00:00:00,2010-07-15,2010-12-31,,,,
GS4596,Orb Energy Solar Program in India - VPA02,181,2020,GS1-1-IN-GS4596-2-2020-20649-1-181,VER,India,Solar Thermal - Electricity,AMS-I.C. Thermal energy production with or without electricity,2021-03-17 00:00:00,2012-03-01,2013-06-30,,,,
GS472,InfraVest Changbin and Taichung bundled Wind Farms Project - Taiwan (300190),4772,2013,GS1-1-TW-GS472-12-2013-3497-211543-216314,VER,Taiwan,Wind,ACM0002 Grid-connected electricity generation from renewable sources,2014-09-02 00:00:00,2014-01-24,2017-03-31,,,,
GS472,InfraVest Changbin and Taichung bundled Wind Farms Project - Taiwan (300190),15363,2013,GS1-1-TW-GS472-12-2013-3497-216315-231677,VER,Taiwan,Wind,ACM0002 Grid-connected electricity generation from renewable sources,41884,2014-01-24,2017-03-31,,,,
GS481,Qielong 1.2MW Hydro Power Project,336,2011,GS1-1-CN-GS481-14-2011-3352-1537-1872,VER,China,"Small, Low - Impact Hydro",ACM0002 Grid-connected electricity generation from renewable sources,2014-06-27 00:00:00,2017-08-01,2019-12-31,,,,
GS481,Qielong 1.2MW Hydro Power Project,1800,2012,GS1-1-CN-GS481-14-2012-3353-37-1836,VER,China,"Small, Low - Impact Hydro",ACM0002 Grid-connected electricity generation from renewable sources,2014-06-27 00:00:00,2019-09-01,2021-04-30,,,,
GS481,Qielong 1.2MW Hydro Power Project,154,2013,GS1-1-CN-GS481-14-2013-3354-4-157,VER,China,"Small, Low - Impact Hydro",ACM0002 Grid-connected electricity generation from renewable sources,2014-06-27 00:00:00,2017-11-05,2019-10-31,,,,
GS5618,EcoMakala Virunga Reforestation project ,21,2011,GS1-1-CD-GS5618-21-2011-20280-1-21,VER,Congo the Democratic Republic of the,A/R,Afforestation/Reforestation GHG Emissions Reduction & Sequestration Methodology,2020-11-24 00:00:00,2017-11-05,2019-10-31,,,,
GS5618,EcoMakala Virunga Reforestation project ,3057,2012,GS1-1-CD-GS5618-21-2012-20281-1-3057,VER,Congo the Democratic Republic of the,A/R,Afforestation/Reforestation GHG Emissions Reduction & Sequestration Methodology,2020-11-24 00:00:00,2017-11-05,2019-10-31,,,,
GS5618,EcoMakala Virunga Reforestation project ,5283,2013,GS1-1-CD-GS5618-21-2013-20282-1-5283,VER,Congo the Democratic Republic of the,A/R,Afforestation/Reforestation GHG Emissions Reduction & Sequestration Methodology,2020-11-24 00:00:00,2017-11-05,2019-10-31,,,,
GS5618,EcoMakala Virunga Reforestation project ,6829,2014,GS1-1-CD-GS5618-21-2014-20283-1-6829,VER,Congo the Democratic Republic of the,A/R,Afforestation/Reforestation GHG Emissions Reduction & Sequestration Methodology,2020-11-24 00:00:00,2015-04-22,2017-04-30,,,,
GS5618,EcoMakala Virunga Reforestation project ,11029,2015,GS1-1-CD-GS5618-21-2015-20284-1-11029,VER,Congo the Democratic Republic of the,A/R,Afforestation/Reforestation GHG Emissions Reduction & Sequestration Methodology,2020-11-24 00:00:00,2018-05-01,2020-12-31,,,,
GS5618,EcoMakala Virunga Reforestation project ,18585,2016,GS1-1-CD-GS5618-21-2016-20285-1-18585,VER,Congo the Democratic Republic of the,A/R,Afforestation/Reforestation GHG Emissions Reduction & Sequestration Methodology,2020-11-24 00:00:00,2011-05-01,2011-12-31,,,,
GS5643,Orb Energy Solar Program in India - VPA03,161,2019,GS1-1-IN-GS5643-2-2019-19553-1-161,VER,India,Solar Thermal - Electricity,AMS-II.C. Demand-side energy efficiency activities for specific technologies,2020-03-23 00:00:00,2011-01-01,2011-11-30,,,,
GS5643,Orb Energy Solar Program in India - VPA03,159,2019,GS1-1-IN-GS5643-2-2019-20650-1-159,VER,India,Solar Thermal - Electricity,AMS-II.C. Demand-side energy efficiency activities for specific technologies,2021-03-17 00:00:00,2010-08-21,2014-07-31,,,,
GS5643,Orb Energy Solar Program in India - VPA03,157,2020,GS1-1-IN-GS5643-2-2020-20651-1-157,VER,India,Solar Thermal - Electricity,AMS-II.C. Demand-side energy efficiency activities for specific technologies,2021-03-17 00:00:00,2010-08-21,2014-07-31,,,,
GS617,Ziyaret Wind Power Project Turkey,3000,2010,GS1-1-TR-617-12-2010-224-4373-7372,VER,Turkey,Wind,ACM0002 Grid-connected electricity generation from renewable sources,2012-04-16 00:00:00,2010-08-21,2014-07-31,,,,
GS617,Ziyaret Wind Power Project Turkey,731,2011,GS1-1-TR-GS617-12-2011-223-1-731,VER,Turkey,Wind,ACM0002 Grid-connected electricity generation from renewable sources,2012-04-16 00:00:00,2010-08-21,2014-07-31,,,,
GS6857,15 MW Wind energy farm at Gopalpura Karnataka by HZL,124,2019,GS1-1-IN-GS6857-12-2019-22088-1-124,VER,India,Wind,AMS-I.D. Grid connected renewable electricity generation,2021-12-13 00:00:00,2010-08-21,2014-07-31,,,,
GS707,LANDFILL GAS EXTRACTION AND ELECTRICITY GENERATION PROJECT - ISTANBUL TURKEY,755,2010,GS1-1-TR-GS707-21-2010-4833-3849-4603,VER,Turkey,Other,ACM0001 Flaring or use of landfill gas,2016-02-08 00:00:00,2010-08-21,2014-07-31,,,,
GS707,LANDFILL GAS EXTRACTION AND ELECTRICITY GENERATION PROJECT - ISTANBUL TURKEY,9053,2011,GS1-1-TR-GS707-21-2011-4511-16092-25144,VER,Turkey,Other,ACM0001 Flaring or use of landfill gas,2015-08-31 00:00:00,2010-08-21,2014-07-31,,,,
GS707,LANDFILL GAS EXTRACTION AND ELECTRICITY GENERATION PROJECT - ISTANBUL TURKEY,14037,2011,GS1-1-TR-GS707-21-2011-5059-16981-31017,VER,Turkey,Other,ACM0001 Flaring or use of landfill gas,2016-05-27 00:00:00,2010-08-21,2014-07-31,,,,
GS707,LANDFILL GAS EXTRACTION AND ELECTRICITY GENERATION PROJECT - ISTANBUL TURKEY,17810,2012,GS1-1-TR-GS707-21-2012-4560-20858-38667,VER,Turkey,Other,ACM0001 Flaring or use of landfill gas,2015-10-02 00:00:00,2011-01-01,2012-12-31,,,,
GS707,LANDFILL GAS EXTRACTION AND ELECTRICITY GENERATION PROJECT - ISTANBUL TURKEY,33889,2012,GS1-1-TR-GS707-21-2012-5058-6017-39905,VER,Turkey,Other,ACM0001 Flaring or use of landfill gas,2016-05-27 00:00:00,2012-07-01,2012-12-31,,,,
GS707,LANDFILL GAS EXTRACTION AND ELECTRICITY GENERATION PROJECT - ISTANBUL TURKEY,18323,2013,GS1-1-TR-GS707-21-2013-4559-29936-48258,VER,Turkey,Other,ACM0001 Flaring or use of landfill gas,2015-10-02 00:00:00,2012-07-01,2012-12-31,,,,
GS707,LANDFILL GAS EXTRACTION AND ELECTRICITY GENERATION PROJECT - ISTANBUL TURKEY,8677,2013,GS1-1-TR-GS707-21-2013-4559-48259-56935,VER,Turkey,Other,ACM0001 Flaring or use of landfill gas,2015-10-02 00:00:00,2012-07-01,2012-12-31,,,,
GS707,LANDFILL GAS EXTRACTION AND ELECTRICITY GENERATION PROJECT - ISTANBUL TURKEY,20814,2014,GS1-1-TR-GS707-21-2014-5055-132176-152989,VER,Turkey,Other,ACM0001 Flaring or use of landfill gas,2016-05-27 00:00:00,2012-07-01,2012-12-31,,,,
GS715,Adana Landfill Waste Management Project Turkey,3810,2012,GS1-1-TR-GS715-21-2012-1330-471-4280,VER,Turkey,Other,ACM0001 Flaring or use of landfill gas,2013-11-14 00:00:00,2012-07-01,2012-12-31,,,,
GS735,Aliaga Wind Farm,2662,2012,GS1-1-TR-GS735-12-2012-1103-11333-13994,VER,Turkey,Wind,ACM0002 Grid-connected electricity generation from renewable sources,2013-05-02 00:00:00,2012-07-01,2012-12-31,,,,
GS735,Aliaga Wind Farm,1957,2012,GS1-1-TR-GS735-12-2012-1103-1-1957,VER,Turkey,Wind,ACM0002 Grid-connected electricity generation from renewable sources,2013-05-02 00:00:00,2012-07-01,2012-12-31,,,,
GS735,Aliaga Wind Farm,2837,2012,GS1-1-TR-GS735-12-2012-1103-13995-16831,VER,Turkey,Wind,ACM0002 Grid-connected electricity generation from renewable sources,2013-05-02 00:00:00,2012-07-01,2012-12-31,,,,
GS735,Aliaga Wind Farm,384,2012,GS1-1-TR-GS735-12-2012-1103-16832-17215,VER,Turkey,Wind,ACM0002 Grid-connected electricity generation from renewable sources,2013-05-02 00:00:00,2012-07-01,2012-12-31,,,,
GS735,Aliaga Wind Farm,2,2012,GS1-1-TR-GS735-12-2012-1103-17216-17217,VER,Turkey,Wind,ACM0002 Grid-connected electricity generation from renewable sources,2013-05-02 00:00:00,2012-07-01,2012-12-31,,,,
GS735,Aliaga Wind Farm,2837,2012,GS1-1-TR-GS735-12-2012-1103-17218-20054,VER,Turkey,Wind,ACM0002 Grid-connected electricity generation from renewable sources,2013-05-02 00:00:00,2012-01-01,2012-06-30,,,,
GS735,Aliaga Wind Farm,2837,2012,GS1-1-TR-GS735-12-2012-1103-20055-22891,VER,Turkey,Wind,ACM0002 Grid-connected electricity generation from renewable sources,2013-05-02 00:00:00,2012-01-01,2012-06-30,,,,
GS735,Aliaga Wind Farm,2837,2012,GS1-1-TR-GS735-12-2012-1103-22892-25728,VER,Turkey,Wind,ACM0002 Grid-connected electricity generation from renewable sources,2013-05-02 00:00:00,2010-08-16,2012-12-31,,,,
GS735,Aliaga Wind Farm,8928,2012,GS1-1-TR-GS735-12-2012-1103-25729-34656,VER,Turkey,Wind,ACM0002 Grid-connected electricity generation from renewable sources,2013-05-02 00:00:00,2011-02-13,2013-05-31,,,,
GS735,Aliaga Wind Farm,2453,2012,GS1-1-TR-GS735-12-2012-1103-34657-37109,VER,Turkey,Wind,ACM0002 Grid-connected electricity generation from renewable sources,2013-05-02 00:00:00,2016-09-26,2018-02-12,,,,
GS735,Aliaga Wind Farm,139,2012,GS1-1-TR-GS735-12-2012-281-1001-1139,VER,Turkey,Wind,ACM0002 Grid-connected electricity generation from renewable sources,2012-10-09 00:00:00,2011-11-15,2013-10-31,,,,
GS735,Aliaga Wind Farm,363,2012,GS1-1-TR-GS735-12-2012-281-1140-1502,VER,Turkey,Wind,ACM0002 Grid-connected electricity generation from renewable sources,2012-10-09 00:00:00,2013-10-01,2015-03-31,,,,
GS750,Hebei Yingxin Glass Group Co. Ltd. Glass Furnace Flue Gas Waste Heat To Energy Project (300502),2702,2010,GS1-1-CN-750-15-2010-262-11588-14289,VER,China,Energy Efficiency - Industrial,ACM0012 Waste energy recovery,2012-08-08 00:00:00,2011-02-09,2012-11-30,,,,
GS750,Hebei Yingxin Glass Group Co. Ltd. Glass Furnace Flue Gas Waste Heat To Energy Project (300502),115,2010,GS1-1-CN-GS750-15-2010-262-18238-18352,VER,China,Energy Efficiency - Industrial,ACM0012 Waste energy recovery,2012-08-08 00:00:00,2011-10-13,2013-12-31,,,,
GS753,Mersin Wind Farm Project,652,2011,GS1-1-TR-GS753-12-2011-1308-20259-20910,VER,Turkey,Wind,ACM0002 Grid-connected electricity generation from renewable sources,2013-10-22 00:00:00,2012-12-26,2014-03-31,,,,
GS768,Biogas CDM Project of Bagepalli Coolie Sangha,205,2018,GS1-1-IN-GS768-4-2018-21996-3001-3205,VER,India,Biogas - Heat,AMS-I.C. Thermal energy production with or without electricity,2021-11-19 00:00:00,2012-12-26,2014-03-31,,,,
GS854,Balikesir Susurluk 45 MW Wind Farm Project,25000,2011,GS1-1-TR-GS854-12-2011-4181-1393-26392,VER,Turkey,Wind,ACM0002 Grid-connected electricity generation from renewable sources,2015-04-10 00:00:00,2010-03-01,2060-02-29,,,,
GS854,Balikesir Susurluk 45 MW Wind Farm Project,100,2017,GS1-1-TR-GS854-12-2017-19797-1472-1571,VER,Turkey,Wind,ACM0002 Grid-connected electricity generation from renewable sources,2020-07-03 00:00:00,2010-03-01,2060-02-29,,,,
GS905,Sah Wind Power Plant,100190,2012,GS1-1-TR-GS905-12-2012-3418-67567-167756,VER,Turkey,Wind,ACM0002 Grid-connected electricity generation from renewable sources,2014-07-25 00:00:00,2010-03-01,2060-02-29,,,,
GS906,Canakkale WPP,20,2014,GS1-1-TR-GS906-12-2014-4521-42898-42917,VER,Turkey,Wind,ACM0002 Grid-connected electricity generation from renewable sources,2015-09-08 00:00:00,2010-03-01,2060-02-29,,,,
GS935,Samsun Landfill Gas to Energy Project Turkey,190,2012,GS1-1-TR-GS935-5-2012-2739-1-190,VER,Turkey,Biogas - Electricity,ACM0001 Flaring or use of landfill gas,2014-02-04 00:00:00,2010-03-01,2060-02-29,,,,
GS947,Killik Wind Power Plant,113,2012,GS1-1-TR-GS947-12-2012-3895-10967-11079,VER,Turkey,Wind,ACM0002 Grid-connected electricity generation from renewable sources,2014-12-31 00:00:00,2010-03-01,2060-02-29,,,,
