Project ID,Project Name,Voluntary Registry,"ARB 
Project",Voluntary Status,Scope, Type,Methodology / Protocol,Region,Country,State,Project Site Location,Project Developer,"Total Credits 
Issued","Total Credits 
Retired",Total Credits Remaining,First Year of Project,1996.0,1997.0,1998.0,1999.0,2000.0,2001.0,2002.0,2003.0,2004.0,2005.0,2006.0,2007.0,2008.0,2009.0,2010.0,2011.0,2012.0,2013.0,2014.0,2015.0,2016.0,2017.0,2018.0,2019.0,2020.0,2021.0,2022.0,1996.0,1997.0,1998.0,1999.0,2000.0,2001.0,2002.0,2003.0,2004.0,2005.0,2006.0,2007.0,2008.0,2009.0,2010.0,2011.0,2012.0,2013.0,2014.0,2015.0,2016.0,2017.0,2018.0,2019.0,2020.0,2021.0,2022.0,"Year 
Unknown",1996.0,1997.0,1998.0,1999.0,2000.0,2001.0,2002.0,2003.0,2004.0,2005.0,2006.0,2007.0,2008.0,2009.0,2010.0,2011.0,2012.0,2013.0,2014.0,2015.0,2016.0,2017.0,2018.0,2019.0,2020.0,2021.0,2022.0,Project Owner ,Offset Project Operator ,Authorized Project Designee,Verifier,Estimated Annual Emission Reductions,PERs,Registry / ARB,ARB Project Detail,ARB ID,Project Listed,Project Registered ,Certifications,Project Type,"Registry 
Documents",Project Website,1996.0,1997.0,1998.0,1999.0,2000.0,2001.0,2002.0,2003.0,2004.0,2005.0,2006.0,2007.0,2008.0,2009.0,2010.0,2011.0,2012.0,2013.0,2014.0,2015.0,2016.0,2017.0,2018.0,2019.0,2020.0,2021.0,2022.0,Notes from Registry,Notes from Berkeley Carbon Trading Project,Added to Database Version,,,,,,,,
ACR194,INACTIVE - MONJOLINHO ENERGTICA S/A HYDROPOWER PLANT PROJECT (ALZIR DOS SANTOS ANTUNES),ACR,No,Delisted,Renewable Energy,Hydropower,,South America,Brazil,Rio Grande do Sul,Faxinalzinho and Nonoai cities,DESENVIX Energias Renov·veis S/A,0,0,0,,0.0,0.0,0.0,0.0,0.0,0.0,0.0,0.0,0.0,0.0,0.0,0.0,0.0,0.0,0.0,0.0,0.0,0.0,0.0,0.0,0.0,0.0,0.0,0.0,0.0,0.0,0.0,0.0,0.0,0.0,0.0,0.0,0.0,0.0,0.0,0.0,0.0,0.0,0.0,0.0,0.0,0.0,0.0,0.0,0.0,0.0,0.0,0.0,0.0,0.0,0.0,0.0,0.0,0.0,0,0.0,0.0,0.0,0.0,0.0,0.0,0.0,0.0,0.0,0.0,0.0,0.0,0.0,0.0,0.0,0.0,0.0,0.0,0.0,0.0,0.0,0.0,0.0,0.0,0.0,0.0,0.0,,,,,,0,ACR,,,,,,,,,0.0,0.0,0.0,0.0,0.0,0.0,0.0,0.0,0.0,0.0,0.0,0.0,0.0,0.0,0.0,0.0,0.0,0.0,0.0,0.0,0.0,0.0,0.0,0.0,0.0,0.0,0.0,,No longer found on registry,2021-02-01 00:00:00,,,,,,,,
ACR294,Blue Source ñ Southern Superior Improved Forest Management Project,ACR,Yes,Terminated,Forestry & Land Use,Improved Forest Management,,North America,United States,MICHIGAN,"Marquette, Michigan",Blue Source,0,0,0,,0.0,0.0,0.0,0.0,0.0,0.0,0.0,0.0,0.0,0.0,0.0,0.0,0.0,0.0,0.0,0.0,0.0,0.0,0.0,0.0,0.0,0.0,0.0,0.0,0.0,0.0,0.0,0.0,0.0,0.0,0.0,0.0,0.0,0.0,0.0,0.0,0.0,0.0,0.0,0.0,0.0,0.0,0.0,0.0,0.0,0.0,0.0,0.0,0.0,0.0,0.0,0.0,0.0,0.0,0,0.0,0.0,0.0,0.0,0.0,0.0,0.0,0.0,0.0,0.0,0.0,0.0,0.0,0.0,0.0,0.0,0.0,0.0,0.0,0.0,0.0,0.0,0.0,0.0,0.0,0.0,0.0,,,,,,0,ARB,,,,,,,,,0.0,0.0,0.0,0.0,0.0,0.0,0.0,0.0,0.0,0.0,0.0,0.0,0.0,0.0,0.0,0.0,0.0,0.0,0.0,0.0,0.0,0.0,0.0,0.0,0.0,0.0,0.0,,No longer found on registry,2021-02-01 00:00:00,,,,,,,,
ACR489,Hudson Tech 2019-3,ACR,Yes,Terminated,Chemical Processes,Ozone Depleting Substances Recovery & Destruction,,North America,United States,OHIO,East Liverpool,Hudson Technologies Company,0,0,0,,0.0,0.0,0.0,0.0,0.0,0.0,0.0,0.0,0.0,0.0,0.0,0.0,0.0,0.0,0.0,0.0,0.0,0.0,0.0,0.0,0.0,0.0,0.0,0.0,0.0,0.0,0.0,0.0,0.0,0.0,0.0,0.0,0.0,0.0,0.0,0.0,0.0,0.0,0.0,0.0,0.0,0.0,0.0,0.0,0.0,0.0,0.0,0.0,0.0,0.0,0.0,0.0,0.0,0.0,0,0.0,0.0,0.0,0.0,0.0,0.0,0.0,0.0,0.0,0.0,0.0,0.0,0.0,0.0,0.0,0.0,0.0,0.0,0.0,0.0,0.0,0.0,0.0,0.0,0.0,0.0,0.0,,,,,,0,ARB,,,,,,,,,0.0,0.0,0.0,0.0,0.0,0.0,0.0,0.0,0.0,0.0,0.0,0.0,0.0,0.0,0.0,0.0,0.0,0.0,0.0,0.0,0.0,0.0,0.0,0.0,0.0,0.0,0.0,,No longer found on registry,2021-02-01 00:00:00,,,,,,,,
ACR504,Bluesource - SharpBingham Improved Forest Management Project,ACR,No,Canceled,Forestry & Land Use,Improved Forest Management,,North America,United States,ALABAMA,Jackson county,Blue Source,0,0,0,,0.0,0.0,0.0,0.0,0.0,0.0,0.0,0.0,0.0,0.0,0.0,0.0,0.0,0.0,0.0,0.0,0.0,0.0,0.0,0.0,0.0,0.0,0.0,0.0,0.0,0.0,0.0,0.0,0.0,0.0,0.0,0.0,0.0,0.0,0.0,0.0,0.0,0.0,0.0,0.0,0.0,0.0,0.0,0.0,0.0,0.0,0.0,0.0,0.0,0.0,0.0,0.0,0.0,0.0,0,0.0,0.0,0.0,0.0,0.0,0.0,0.0,0.0,0.0,0.0,0.0,0.0,0.0,0.0,0.0,0.0,0.0,0.0,0.0,0.0,0.0,0.0,0.0,0.0,0.0,0.0,0.0,,,,,,0,ACR,,,,Canceled,,,,Forest Carbon,0.0,0.0,0.0,0.0,0.0,0.0,0.0,0.0,0.0,0.0,0.0,0.0,0.0,0.0,0.0,0.0,0.0,0.0,0.0,0.0,0.0,0.0,0.0,0.0,0.0,0.0,0.0,https://acr2.apx.com/myModule/rpt/myrpt.asp?r=111,"Inputted 4/14/2021, no longer on registry",2021-07-21 00:00:00,,,,,,,,
CAR1307,JE Canyon Ranch,CAR,No,Delisted,Agriculture,Avoided Grassland Conversion,,North America,United States,COLORADO,Las Animas County,The Nature Conservancy,0,0,0,,0.0,0.0,0.0,0.0,0.0,0.0,0.0,0.0,0.0,0.0,0.0,0.0,0.0,0.0,0.0,0.0,0.0,0.0,0.0,0.0,0.0,0.0,0.0,0.0,0.0,0.0,0.0,0.0,0.0,0.0,0.0,0.0,0.0,0.0,0.0,0.0,0.0,0.0,0.0,0.0,0.0,0.0,0.0,0.0,0.0,0.0,0.0,0.0,0.0,0.0,0.0,0.0,0.0,0.0,0,0.0,0.0,0.0,0.0,0.0,0.0,0.0,0.0,0.0,0.0,0.0,0.0,0.0,0.0,0.0,0.0,0.0,0.0,0.0,0.0,0.0,0.0,0.0,0.0,0.0,0.0,0.0,The Nature Conservancy,,,,,0,CAR,,,2018-06-13 00:00:00,,,,,,0.0,0.0,0.0,0.0,0.0,0.0,0.0,0.0,0.0,0.0,0.0,0.0,0.0,0.0,0.0,0.0,0.0,0.0,0.0,0.0,0.0,0.0,0.0,0.0,0.0,0.0,0.0,,No longer found on registry,2021-02-01 00:00:00,,,,,,,,
GS1132,African Clean Energy Switch - Biogas (ACES-Biogas) PoA,GOLD,No,Delisted,Household & Community,Biodigester,AMS-I.E. Switch from Non-Renewable Biomass for Thermal Applications by the User,Sub Saharan Africa,Uganda,,,,0,0,0,,0.0,0.0,0.0,0.0,0.0,0.0,0.0,0.0,0.0,0.0,0.0,0.0,0.0,0.0,0.0,0.0,0.0,0.0,0.0,0.0,0.0,0.0,0.0,0.0,0.0,0.0,0.0,0.0,0.0,0.0,0.0,0.0,0.0,0.0,0.0,0.0,0.0,0.0,0.0,0.0,0.0,0.0,0.0,0.0,0.0,0.0,0.0,0.0,0.0,0.0,0.0,0.0,0.0,0.0,0,0.0,0.0,0.0,0.0,0.0,0.0,0.0,0.0,0.0,0.0,0.0,0.0,0.0,0.0,0.0,0.0,0.0,0.0,0.0,0.0,0.0,0.0,0.0,0.0,0.0,0.0,0.0,,,,,,0,GOLD,,,,,,BIOGAS_HEAT,,,0.0,0.0,0.0,0.0,0.0,0.0,0.0,0.0,0.0,0.0,0.0,0.0,0.0,0.0,0.0,0.0,0.0,0.0,0.0,0.0,0.0,0.0,0.0,0.0,0.0,0.0,0.0,,No longer found on registry,2021-03-10 00:00:00,,,,,,,,
GS6052,GS5047 VPA9 African Improved Cookstoves and Clean Water Programme: Virunga Mountain Gorilla Cookstove Project Musanze III,GOLD,No,Delisted,Household & Community,Cookstoves,GS MS Simplified Methodology for Efficient Cookstoves v1.,Sub Saharan Africa,Rwanda,,,,0,0,0,,0.0,0.0,0.0,0.0,0.0,0.0,0.0,0.0,0.0,0.0,0.0,0.0,0.0,0.0,0.0,0.0,0.0,0.0,0.0,0.0,0.0,0.0,0.0,0.0,0.0,0.0,0.0,0.0,0.0,0.0,0.0,0.0,0.0,0.0,0.0,0.0,0.0,0.0,0.0,0.0,0.0,0.0,0.0,0.0,0.0,0.0,0.0,0.0,0.0,0.0,0.0,0.0,0.0,0.0,0,0.0,0.0,0.0,0.0,0.0,0.0,0.0,0.0,0.0,0.0,0.0,0.0,0.0,0.0,0.0,0.0,0.0,0.0,0.0,0.0,0.0,0.0,0.0,0.0,0.0,0.0,0.0,,,,,,0,GOLD,,,,,,ENERGY_EFFICIENCY_DOMESTIC,,,0.0,0.0,0.0,0.0,0.0,0.0,0.0,0.0,0.0,0.0,0.0,0.0,0.0,0.0,0.0,0.0,0.0,0.0,0.0,0.0,0.0,0.0,0.0,0.0,0.0,0.0,0.0,,No longer found on registry,2021-03-10 00:00:00,,,,,,,,
GS6062,GS5047 VPA19 African Improved Cookstoves and Clean Water Programme: Virunga Mountain Gorilla Cookstove Project Nyabihu IV,GOLD,No,Withdrawn,Household & Community,Cookstoves,Other,Sub Saharan Africa,Rwanda,,,,0,0,0,,0.0,0.0,0.0,0.0,0.0,0.0,0.0,0.0,0.0,0.0,0.0,0.0,0.0,0.0,0.0,0.0,0.0,0.0,0.0,0.0,0.0,0.0,0.0,0.0,0.0,0.0,0.0,0.0,0.0,0.0,0.0,0.0,0.0,0.0,0.0,0.0,0.0,0.0,0.0,0.0,0.0,0.0,0.0,0.0,0.0,0.0,0.0,0.0,0.0,0.0,0.0,0.0,0.0,0.0,0,0.0,0.0,0.0,0.0,0.0,0.0,0.0,0.0,0.0,0.0,0.0,0.0,0.0,0.0,0.0,0.0,0.0,0.0,0.0,0.0,0.0,0.0,0.0,0.0,0.0,0.0,0.0,,,,,,0,GOLD,,,,,,ENERGY_EFFICIENCY_DOMESTIC,,,0.0,0.0,0.0,0.0,0.0,0.0,0.0,0.0,0.0,0.0,0.0,0.0,0.0,0.0,0.0,0.0,0.0,0.0,0.0,0.0,0.0,0.0,0.0,0.0,0.0,0.0,0.0,,No longer found on registry,2021-03-10 00:00:00,,,,,,,,
GS10660,"GS5658 VPA 19: Water is Life, Madagascar  ",GOLD,No,Delisted,Household & Community,Clean Water,,Sub Saharan Africa,Madagascar,,,Carbonsink (Carbonsink Group S.r.l.),0,0,0,,0.0,0.0,0.0,0.0,0.0,0.0,0.0,0.0,0.0,0.0,0.0,0.0,0.0,0.0,0.0,0.0,0.0,0.0,0.0,0.0,0.0,0.0,0.0,0.0,0.0,0.0,0.0,0.0,0.0,0.0,0.0,0.0,0.0,0.0,0.0,0.0,0.0,0.0,0.0,0.0,0.0,0.0,0.0,0.0,0.0,0.0,0.0,0.0,0.0,0.0,0.0,0.0,0.0,0.0,0,0.0,0.0,0.0,0.0,0.0,0.0,0.0,0.0,0.0,0.0,0.0,0.0,0.0,0.0,0.0,0.0,0.0,0.0,0.0,0.0,0.0,0.0,0.0,0.0,0.0,0.0,0.0,,,,,,0,GOLD,,,,,,ENERGY_EFFICIENCY_DOMESTIC,https://impact.sustain-cert.com/public_projects/2307,https://registry.goldstandard.org/projects/details/2650,0.0,0.0,0.0,0.0,0.0,0.0,0.0,0.0,0.0,0.0,0.0,0.0,0.0,0.0,0.0,0.0,0.0,0.0,0.0,0.0,0.0,0.0,0.0,0.0,0.0,0.0,0.0,,"Inputted 4/14/2021, no longer on registry",2021-07-21 00:00:00,,,,,,,,
GS10814,"GS5658 VPA 27: Water is Life, Madagascar",GOLD,No,Delisted,Household & Community,Clean Water,GS TPDDTEC v3.1,Sub Saharan Africa,Madagascar,,,Carbonsink (Carbonsink Group S.r.l.),0,0,0,,0.0,0.0,0.0,0.0,0.0,0.0,0.0,0.0,0.0,0.0,0.0,0.0,0.0,0.0,0.0,0.0,0.0,0.0,0.0,0.0,0.0,0.0,0.0,0.0,0.0,0.0,0.0,0.0,0.0,0.0,0.0,0.0,0.0,0.0,0.0,0.0,0.0,0.0,0.0,0.0,0.0,0.0,0.0,0.0,0.0,0.0,0.0,0.0,0.0,0.0,0.0,0.0,0.0,0.0,0,0.0,0.0,0.0,0.0,0.0,0.0,0.0,0.0,0.0,0.0,0.0,0.0,0.0,0.0,0.0,0.0,0.0,0.0,0.0,0.0,0.0,0.0,0.0,0.0,0.0,0.0,0.0,,,,,,0,GOLD,,,,,,ENERGY_EFFICIENCY_DOMESTIC,https://impact.sustain-cert.com/public_projects/2461,https://registry.goldstandard.org/projects/details/2771,0.0,0.0,0.0,0.0,0.0,0.0,0.0,0.0,0.0,0.0,0.0,0.0,0.0,0.0,0.0,0.0,0.0,0.0,0.0,0.0,0.0,0.0,0.0,0.0,0.0,0.0,0.0,,"Inputted 4/14/2021, no longer on registry",2021-07-21 00:00:00,,,,,,,,
GS5436,"GS1247 VPA 111 Improved Kitchen Regimes Multi-Country PoA - Kasungu Boreholes, Malawi",GOLD,No,Delisted,Household & Community,Community Boreholes,GS TPDDTEC v 1.,Sub Saharan Africa,Malawi,,,QK TS Pvt. Ltd.,0,0,0,,0.0,0.0,0.0,0.0,0.0,0.0,0.0,0.0,0.0,0.0,0.0,0.0,0.0,0.0,0.0,0.0,0.0,0.0,0.0,0.0,0.0,0.0,0.0,0.0,0.0,0.0,0.0,0.0,0.0,0.0,0.0,0.0,0.0,0.0,0.0,0.0,0.0,0.0,0.0,0.0,0.0,0.0,0.0,0.0,0.0,0.0,0.0,0.0,0.0,0.0,0.0,0.0,0.0,0.0,0,0.0,0.0,0.0,0.0,0.0,0.0,0.0,0.0,0.0,0.0,0.0,0.0,0.0,0.0,0.0,0.0,0.0,0.0,0.0,0.0,0.0,0.0,0.0,0.0,0.0,0.0,0.0,,,,,,0,GOLD,,,,,,ENERGY_EFFICIENCY_DOMESTIC,https://impact.sustain-cert.com/public_projects/1058,https://registry.goldstandard.org/projects/details/960,0.0,0.0,0.0,0.0,0.0,0.0,0.0,0.0,0.0,0.0,0.0,0.0,0.0,0.0,0.0,0.0,0.0,0.0,0.0,0.0,0.0,0.0,0.0,0.0,0.0,0.0,0.0,,"Inputted 4/14/2021, no longer on registry",2021-07-21 00:00:00,,,,,,,,
GS10673,GS 5658 VPA 20: Solar powered drinking water supply (Madagascar),GOLD,No,Delisted,Household & Community,Clean Water,,Sub Saharan Africa,Madagascar,,,Carbonsink (Carbonsink Group S.r.l.),0,0,0,,0.0,0.0,0.0,0.0,0.0,0.0,0.0,0.0,0.0,0.0,0.0,0.0,0.0,0.0,0.0,0.0,0.0,0.0,0.0,0.0,0.0,0.0,0.0,0.0,0.0,0.0,0.0,0.0,0.0,0.0,0.0,0.0,0.0,0.0,0.0,0.0,0.0,0.0,0.0,0.0,0.0,0.0,0.0,0.0,0.0,0.0,0.0,0.0,0.0,0.0,0.0,0.0,0.0,0.0,0,0.0,0.0,0.0,0.0,0.0,0.0,0.0,0.0,0.0,0.0,0.0,0.0,0.0,0.0,0.0,0.0,0.0,0.0,0.0,0.0,0.0,0.0,0.0,0.0,0.0,0.0,0.0,,,,,10000,0,GOLD,,,,,,ENERGY_EFFICIENCY_DOMESTIC,https://impact.sustain-cert.com/public_projects/2320,https://registry.goldstandard.org/projects/details/2663,0.0,0.0,0.0,0.0,0.0,0.0,0.0,0.0,0.0,0.0,0.0,0.0,0.0,0.0,0.0,0.0,0.0,0.0,0.0,0.0,0.0,0.0,0.0,0.0,0.0,0.0,0.0,,No longer found on registry,2021-04-14 00:00:00,,,,,,,,
GS10815,"GS5658 VPA 28: Water is Life, Madagascar",GOLD,No,Delisted,Household & Community,Clean Water,GS TPDDTEC v3.1,Sub Saharan Africa,Madagascar,,,Carbonsink (Carbonsink Group S.r.l.),0,0,0,,0.0,0.0,0.0,0.0,0.0,0.0,0.0,0.0,0.0,0.0,0.0,0.0,0.0,0.0,0.0,0.0,0.0,0.0,0.0,0.0,0.0,0.0,0.0,0.0,0.0,0.0,0.0,0.0,0.0,0.0,0.0,0.0,0.0,0.0,0.0,0.0,0.0,0.0,0.0,0.0,0.0,0.0,0.0,0.0,0.0,0.0,0.0,0.0,0.0,0.0,0.0,0.0,0.0,0.0,0,0.0,0.0,0.0,0.0,0.0,0.0,0.0,0.0,0.0,0.0,0.0,0.0,0.0,0.0,0.0,0.0,0.0,0.0,0.0,0.0,0.0,0.0,0.0,0.0,0.0,0.0,0.0,,,,,10000,0,GOLD,,,,,,ENERGY_EFFICIENCY_DOMESTIC,https://impact.sustain-cert.com/public_projects/2462,https://registry.goldstandard.org/projects/details/2772,0.0,0.0,0.0,0.0,0.0,0.0,0.0,0.0,0.0,0.0,0.0,0.0,0.0,0.0,0.0,0.0,0.0,0.0,0.0,0.0,0.0,0.0,0.0,0.0,0.0,0.0,0.0,,No longer found on registry,2021-04-14 00:00:00,,,,,,,,
GS11037,GS1247 VPA 246 Malawi School Safe Water Project,GOLD,No,Delisted,Household & Community,Clean Water,GS TPDDTEC v3.1,Sub Saharan Africa,Malawi,,,CO2balance UK ltd,0,0,0,,0.0,0.0,0.0,0.0,0.0,0.0,0.0,0.0,0.0,0.0,0.0,0.0,0.0,0.0,0.0,0.0,0.0,0.0,0.0,0.0,0.0,0.0,0.0,0.0,0.0,0.0,0.0,0.0,0.0,0.0,0.0,0.0,0.0,0.0,0.0,0.0,0.0,0.0,0.0,0.0,0.0,0.0,0.0,0.0,0.0,0.0,0.0,0.0,0.0,0.0,0.0,0.0,0.0,0.0,0,0.0,0.0,0.0,0.0,0.0,0.0,0.0,0.0,0.0,0.0,0.0,0.0,0.0,0.0,0.0,0.0,0.0,0.0,0.0,0.0,0.0,0.0,0.0,0.0,0.0,0.0,0.0,,,,,10000,0,GOLD,,,,,,ENERGY_EFFICIENCY_DOMESTIC,https://impact.sustain-cert.com/public_projects/2684,https://registry.goldstandard.org/projects/details/3025,0.0,0.0,0.0,0.0,0.0,0.0,0.0,0.0,0.0,0.0,0.0,0.0,0.0,0.0,0.0,0.0,0.0,0.0,0.0,0.0,0.0,0.0,0.0,0.0,0.0,0.0,0.0,,No longer found on registry,2021-09-02 00:00:00,,,,,,,,
CAR1342,RMS Coastal Headwaters Longleaf Restoration Improved Forest Management,CAR,No,Delisted,Forestry & Land Use,Improved Forest Management,,North America,United States,FLORIDA,Santa Rosa County; near Pace,Resource Management Service LLC,0,0,0,,0.0,0.0,0.0,0.0,0.0,0.0,0.0,0.0,0.0,0.0,0.0,0.0,0.0,0.0,0.0,0.0,0.0,0.0,0.0,0.0,0.0,0.0,0.0,0.0,0.0,0.0,0.0,0.0,0.0,0.0,0.0,0.0,0.0,0.0,0.0,0.0,0.0,0.0,0.0,0.0,0.0,0.0,0.0,0.0,0.0,0.0,0.0,0.0,0.0,0.0,0.0,0.0,0.0,0.0,0,0.0,0.0,0.0,0.0,0.0,0.0,0.0,0.0,0.0,0.0,0.0,0.0,0.0,0.0,0.0,0.0,0.0,0.0,0.0,0.0,0.0,0.0,0.0,0.0,0.0,0.0,0.0,Resource Management Service LLC,"Resource Management Service, LLC",,,,0,CAR,,,2019-06-04 00:00:00,,,Improved Forest Management,https://thereserve2.apx.com/myModule/rpt/myrpt.asp?r=111,www.resourcemgt.com,0.0,0.0,0.0,0.0,0.0,0.0,0.0,0.0,0.0,0.0,0.0,0.0,0.0,0.0,0.0,0.0,0.0,0.0,0.0,0.0,0.0,0.0,0.0,0.0,0.0,0.0,0.0,,No longer found on registry,2021-04-14 00:00:00,,,,,,,,
CAR1383,Feather Falls 2019,CAR,Yes,Delisted,Forestry & Land Use,Improved Forest Management,,North America,United States,CALIFORNIA,Redding,Sierra Pacific Industries,0,0,0,,0.0,0.0,0.0,0.0,0.0,0.0,0.0,0.0,0.0,0.0,0.0,0.0,0.0,0.0,0.0,0.0,0.0,0.0,0.0,0.0,0.0,0.0,0.0,0.0,0.0,0.0,0.0,0.0,0.0,0.0,0.0,0.0,0.0,0.0,0.0,0.0,0.0,0.0,0.0,0.0,0.0,0.0,0.0,0.0,0.0,0.0,0.0,0.0,0.0,0.0,0.0,0.0,0.0,0.0,0,0.0,0.0,0.0,0.0,0.0,0.0,0.0,0.0,0.0,0.0,0.0,0.0,0.0,0.0,0.0,0.0,0.0,0.0,0.0,0.0,0.0,0.0,0.0,0.0,0.0,0.0,0.0,Sierra Pacific Industries,"R.H. Emmerson & Son, LLC",Sierra Pacific Industries,SCS Global Services,,0,ARB,Proposed,CAFR6383,2020-03-20 00:00:00,,,Improved Forest Management - ARB Compliance,https://thereserve2.apx.com/myModule/rpt/myrpt.asp?r=111,,0.0,0.0,0.0,0.0,0.0,0.0,0.0,0.0,0.0,0.0,0.0,0.0,0.0,0.0,0.0,0.0,0.0,0.0,0.0,0.0,0.0,0.0,0.0,0.0,0.0,0.0,0.0,,No longer found on registry,2021-04-14 00:00:00,,,,,,,,
CAR1390,Bluesource - Weaver Avoided Grassland Conversion Project,CAR,No,Delisted,Forestry & Land Use,Avoided Grassland Conversion,,North America,United States,MONTANA,Chouteau and Blaine County,Weaver Cattle Co.,0,0,0,,0.0,0.0,0.0,0.0,0.0,0.0,0.0,0.0,0.0,0.0,0.0,0.0,0.0,0.0,0.0,0.0,0.0,0.0,0.0,0.0,0.0,0.0,0.0,0.0,0.0,0.0,0.0,0.0,0.0,0.0,0.0,0.0,0.0,0.0,0.0,0.0,0.0,0.0,0.0,0.0,0.0,0.0,0.0,0.0,0.0,0.0,0.0,0.0,0.0,0.0,0.0,0.0,0.0,0.0,0,0.0,0.0,0.0,0.0,0.0,0.0,0.0,0.0,0.0,0.0,0.0,0.0,0.0,0.0,0.0,0.0,0.0,0.0,0.0,0.0,0.0,0.0,0.0,0.0,0.0,0.0,0.0,Weaver Cattle Co.,,,,,0,CAR,,,2019-11-22 00:00:00,,,Avoided Grassland Conversion,https://thereserve2.apx.com/myModule/rpt/myrpt.asp?r=111,,0.0,0.0,0.0,0.0,0.0,0.0,0.0,0.0,0.0,0.0,0.0,0.0,0.0,0.0,0.0,0.0,0.0,0.0,0.0,0.0,0.0,0.0,0.0,0.0,0.0,0.0,0.0,,No longer found on registry,2021-04-14 00:00:00,,,,,,,,
GS11038,GS1247 VPA 247 Rwanda School Safe Water Project,GOLD,No,Delisted,Household & Community,Clean Water,GS TPDDTEC v3.1,Sub Saharan Africa,Rwanda,,,CO2balance UK ltd,0,0,0,,0.0,0.0,0.0,0.0,0.0,0.0,0.0,0.0,0.0,0.0,0.0,0.0,0.0,0.0,0.0,0.0,0.0,0.0,0.0,0.0,0.0,0.0,0.0,0.0,0.0,0.0,0.0,0.0,0.0,0.0,0.0,0.0,0.0,0.0,0.0,0.0,0.0,0.0,0.0,0.0,0.0,0.0,0.0,0.0,0.0,0.0,0.0,0.0,0.0,0.0,0.0,0.0,0.0,0.0,0,0.0,0.0,0.0,0.0,0.0,0.0,0.0,0.0,0.0,0.0,0.0,0.0,0.0,0.0,0.0,0.0,0.0,0.0,0.0,0.0,0.0,0.0,0.0,0.0,0.0,0.0,0.0,,,,,10000,0,GOLD,,,,,,ENERGY_EFFICIENCY_DOMESTIC,https://impact.sustain-cert.com/public_projects/2685,https://registry.goldstandard.org/projects/details/3026,0.0,0.0,0.0,0.0,0.0,0.0,0.0,0.0,0.0,0.0,0.0,0.0,0.0,0.0,0.0,0.0,0.0,0.0,0.0,0.0,0.0,0.0,0.0,0.0,0.0,0.0,0.0,,No longer found on registry,2021-09-02 00:00:00,,,,,,,,
GS11039,GS1247 VPA 248 India School Safe Water Project,GOLD,No,Delisted,Household & Community,Clean Water,GS TPDDTEC v3.1,South Asia,India,,,CO2balance UK ltd,0,0,0,,0.0,0.0,0.0,0.0,0.0,0.0,0.0,0.0,0.0,0.0,0.0,0.0,0.0,0.0,0.0,0.0,0.0,0.0,0.0,0.0,0.0,0.0,0.0,0.0,0.0,0.0,0.0,0.0,0.0,0.0,0.0,0.0,0.0,0.0,0.0,0.0,0.0,0.0,0.0,0.0,0.0,0.0,0.0,0.0,0.0,0.0,0.0,0.0,0.0,0.0,0.0,0.0,0.0,0.0,0,0.0,0.0,0.0,0.0,0.0,0.0,0.0,0.0,0.0,0.0,0.0,0.0,0.0,0.0,0.0,0.0,0.0,0.0,0.0,0.0,0.0,0.0,0.0,0.0,0.0,0.0,0.0,,,,,10000,0,GOLD,,,,,,BIOGAS_HEAT,https://impact.sustain-cert.com/public_projects/2686,https://registry.goldstandard.org/projects/details/3027,0.0,0.0,0.0,0.0,0.0,0.0,0.0,0.0,0.0,0.0,0.0,0.0,0.0,0.0,0.0,0.0,0.0,0.0,0.0,0.0,0.0,0.0,0.0,0.0,0.0,0.0,0.0,,No longer found on registry,2021-09-02 00:00:00,,,,,,,,
GS11040,GS1247 VPA 249 India School Safe Water Project,GOLD,No,Delisted,Household & Community,Clean Water,GS TPDDTEC v3.1,South Asia,India,,,CO2balance UK ltd,0,0,0,,0.0,0.0,0.0,0.0,0.0,0.0,0.0,0.0,0.0,0.0,0.0,0.0,0.0,0.0,0.0,0.0,0.0,0.0,0.0,0.0,0.0,0.0,0.0,0.0,0.0,0.0,0.0,0.0,0.0,0.0,0.0,0.0,0.0,0.0,0.0,0.0,0.0,0.0,0.0,0.0,0.0,0.0,0.0,0.0,0.0,0.0,0.0,0.0,0.0,0.0,0.0,0.0,0.0,0.0,0,0.0,0.0,0.0,0.0,0.0,0.0,0.0,0.0,0.0,0.0,0.0,0.0,0.0,0.0,0.0,0.0,0.0,0.0,0.0,0.0,0.0,0.0,0.0,0.0,0.0,0.0,0.0,,,,,10000,0,GOLD,,,,,,ENERGY_EFFICIENCY_DOMESTIC,https://impact.sustain-cert.com/public_projects/2687,https://registry.goldstandard.org/projects/details/3028,0.0,0.0,0.0,0.0,0.0,0.0,0.0,0.0,0.0,0.0,0.0,0.0,0.0,0.0,0.0,0.0,0.0,0.0,0.0,0.0,0.0,0.0,0.0,0.0,0.0,0.0,0.0,,No longer found on registry,2021-09-02 00:00:00,,,,,,,,
GS5231,Clear Plate Project,GOLD,No,Delisted,Forestry & Land Use,Afforestation/Reforestation,Other,Europe,Hungary,,,Unknown Project Developer,0,0,0,,0.0,0.0,0.0,0.0,0.0,0.0,0.0,0.0,0.0,0.0,0.0,0.0,0.0,0.0,0.0,0.0,0.0,0.0,0.0,0.0,0.0,0.0,0.0,0.0,0.0,0.0,0.0,0.0,0.0,0.0,0.0,0.0,0.0,0.0,0.0,0.0,0.0,0.0,0.0,0.0,0.0,0.0,0.0,0.0,0.0,0.0,0.0,0.0,0.0,0.0,0.0,0.0,0.0,0.0,0,0.0,0.0,0.0,0.0,0.0,0.0,0.0,0.0,0.0,0.0,0.0,0.0,0.0,0.0,0.0,0.0,0.0,0.0,0.0,0.0,0.0,0.0,0.0,0.0,0.0,0.0,0.0,,,,,,0,GOLD,,,,,,OTHER,https://impact.sustain-cert.com/public_projects/1718,https://registry.goldstandard.org/projects/details/1711,0.0,0.0,0.0,0.0,0.0,0.0,0.0,0.0,0.0,0.0,0.0,0.0,0.0,0.0,0.0,0.0,0.0,0.0,0.0,0.0,0.0,0.0,0.0,0.0,0.0,0.0,0.0,,No longer found on registry,2021-04-14 00:00:00,,,,,,,,
VCS2579,Duplicate - Joburg,VCS,No,Inactive,Waste Management,Landfill Methane,ACM0001,Sub Saharan Africa,South Africa,,,ENERGY JOBURG RF (PTY) Limited,0,0,0,,0.0,0.0,0.0,0.0,0.0,0.0,0.0,0.0,0.0,0.0,0.0,0.0,0.0,0.0,0.0,0.0,0.0,0.0,0.0,0.0,0.0,0.0,0.0,0.0,0.0,0.0,0.0,0.0,0.0,0.0,0.0,0.0,0.0,0.0,0.0,0.0,0.0,0.0,0.0,0.0,0.0,0.0,0.0,0.0,0.0,0.0,0.0,0.0,0.0,0.0,0.0,0.0,0.0,0.0,0,0.0,0.0,0.0,0.0,0.0,0.0,0.0,0.0,0.0,0.0,0.0,0.0,0.0,0.0,0.0,0.0,0.0,0.0,0.0,0.0,0.0,0.0,0.0,0.0,0.0,0.0,0.0,,,,,542839,0,VCS,,,,,,Energy industries (renewable/non-renewable sources); Waste handling and disposal,https://www.vcsprojectdatabase.org/#/projects,,0.0,0.0,0.0,0.0,0.0,0.0,0.0,0.0,0.0,0.0,0.0,0.0,0.0,0.0,0.0,0.0,0.0,0.0,0.0,0.0,0.0,0.0,0.0,0.0,0.0,0.0,0.0,,No longer found on registry,2021-12-31 00:00:00,,,,,,,,
CAR1467,Pisony Grasslands Project,CAR,No,Delisted,Forestry & Land Use,Avoided Grassland Conversion,,North America,United States,ALBERTA,Pincher Creek County #9,Radicle Group Inc.,0,0,0,,0.0,0.0,0.0,0.0,0.0,0.0,0.0,0.0,0.0,0.0,0.0,0.0,0.0,0.0,0.0,0.0,0.0,0.0,0.0,0.0,0.0,0.0,0.0,0.0,0.0,0.0,0.0,0.0,0.0,0.0,0.0,0.0,0.0,0.0,0.0,0.0,0.0,0.0,0.0,0.0,0.0,0.0,0.0,0.0,0.0,0.0,0.0,0.0,0.0,0.0,0.0,0.0,0.0,0.0,0,0.0,0.0,0.0,0.0,0.0,0.0,0.0,0.0,0.0,0.0,0.0,0.0,0.0,0.0,0.0,0.0,0.0,0.0,0.0,0.0,0.0,0.0,0.0,0.0,0.0,0.0,0.0,Radicle Group Inc.,,,,,0,CAR,Not ARB Eligible,,2021-05-25 00:00:00,,,Canada Grassland,https://thereserve2.apx.com/myModule/rpt/myrpt.asp?r=111,,0.0,0.0,0.0,0.0,0.0,0.0,0.0,0.0,0.0,0.0,0.0,0.0,0.0,0.0,0.0,0.0,0.0,0.0,0.0,0.0,0.0,0.0,0.0,0.0,0.0,0.0,0.0,,No longer found on registry,2021-12-31 00:00:00,,,,,,,,
CAR1468,Grinde Grasslands Project,CAR,No,Delisted,Forestry & Land Use,Avoided Grassland Conversion,,North America,United States,ALBERTA,Calgary,Radicle Group Inc.,0,0,0,,0.0,0.0,0.0,0.0,0.0,0.0,0.0,0.0,0.0,0.0,0.0,0.0,0.0,0.0,0.0,0.0,0.0,0.0,0.0,0.0,0.0,0.0,0.0,0.0,0.0,0.0,0.0,0.0,0.0,0.0,0.0,0.0,0.0,0.0,0.0,0.0,0.0,0.0,0.0,0.0,0.0,0.0,0.0,0.0,0.0,0.0,0.0,0.0,0.0,0.0,0.0,0.0,0.0,0.0,0,0.0,0.0,0.0,0.0,0.0,0.0,0.0,0.0,0.0,0.0,0.0,0.0,0.0,0.0,0.0,0.0,0.0,0.0,0.0,0.0,0.0,0.0,0.0,0.0,0.0,0.0,0.0,Radicle Group Inc.,,,,,0,CAR,Not ARB Eligible,,2021-05-25 00:00:00,,,Canada Grassland,https://thereserve2.apx.com/myModule/rpt/myrpt.asp?r=111,,0.0,0.0,0.0,0.0,0.0,0.0,0.0,0.0,0.0,0.0,0.0,0.0,0.0,0.0,0.0,0.0,0.0,0.0,0.0,0.0,0.0,0.0,0.0,0.0,0.0,0.0,0.0,,No longer found on registry,2021-12-31 00:00:00,,,,,,,,
CAR1469,Balog Grasslands Project,CAR,No,Delisted,Forestry & Land Use,Avoided Grassland Conversion,,North America,United States,ALBERTA,Forty Mile County #8,Radicle Group Inc.,0,0,0,,0.0,0.0,0.0,0.0,0.0,0.0,0.0,0.0,0.0,0.0,0.0,0.0,0.0,0.0,0.0,0.0,0.0,0.0,0.0,0.0,0.0,0.0,0.0,0.0,0.0,0.0,0.0,0.0,0.0,0.0,0.0,0.0,0.0,0.0,0.0,0.0,0.0,0.0,0.0,0.0,0.0,0.0,0.0,0.0,0.0,0.0,0.0,0.0,0.0,0.0,0.0,0.0,0.0,0.0,0,0.0,0.0,0.0,0.0,0.0,0.0,0.0,0.0,0.0,0.0,0.0,0.0,0.0,0.0,0.0,0.0,0.0,0.0,0.0,0.0,0.0,0.0,0.0,0.0,0.0,0.0,0.0,Radicle Group Inc.,,,,,0,CAR,Not ARB Eligible,,2021-05-25 00:00:00,,,Canada Grassland,https://thereserve2.apx.com/myModule/rpt/myrpt.asp?r=111,,0.0,0.0,0.0,0.0,0.0,0.0,0.0,0.0,0.0,0.0,0.0,0.0,0.0,0.0,0.0,0.0,0.0,0.0,0.0,0.0,0.0,0.0,0.0,0.0,0.0,0.0,0.0,,No longer found on registry,2021-12-31 00:00:00,,,,,,,,
CAR1470,Romaniuk Grasslands Project,CAR,No,Delisted,Forestry & Land Use,Avoided Grassland Conversion,,North America,United States,ALBERTA,Beaver County,Radicle Group Inc.,0,0,0,,0.0,0.0,0.0,0.0,0.0,0.0,0.0,0.0,0.0,0.0,0.0,0.0,0.0,0.0,0.0,0.0,0.0,0.0,0.0,0.0,0.0,0.0,0.0,0.0,0.0,0.0,0.0,0.0,0.0,0.0,0.0,0.0,0.0,0.0,0.0,0.0,0.0,0.0,0.0,0.0,0.0,0.0,0.0,0.0,0.0,0.0,0.0,0.0,0.0,0.0,0.0,0.0,0.0,0.0,0,0.0,0.0,0.0,0.0,0.0,0.0,0.0,0.0,0.0,0.0,0.0,0.0,0.0,0.0,0.0,0.0,0.0,0.0,0.0,0.0,0.0,0.0,0.0,0.0,0.0,0.0,0.0,Radicle Group Inc.,,,,,0,CAR,Not ARB Eligible,,2021-05-25 00:00:00,,,Canada Grassland,https://thereserve2.apx.com/myModule/rpt/myrpt.asp?r=111,,0.0,0.0,0.0,0.0,0.0,0.0,0.0,0.0,0.0,0.0,0.0,0.0,0.0,0.0,0.0,0.0,0.0,0.0,0.0,0.0,0.0,0.0,0.0,0.0,0.0,0.0,0.0,,No longer found on registry,2021-12-31 00:00:00,,,,,,,,
CAR1471,Westman Grasslands Project,CAR,No,Delisted,Forestry & Land Use,Avoided Grassland Conversion,,North America,United States,ALBERTA,County of Vermillion River,Radicle Group Inc.,0,0,0,,0.0,0.0,0.0,0.0,0.0,0.0,0.0,0.0,0.0,0.0,0.0,0.0,0.0,0.0,0.0,0.0,0.0,0.0,0.0,0.0,0.0,0.0,0.0,0.0,0.0,0.0,0.0,0.0,0.0,0.0,0.0,0.0,0.0,0.0,0.0,0.0,0.0,0.0,0.0,0.0,0.0,0.0,0.0,0.0,0.0,0.0,0.0,0.0,0.0,0.0,0.0,0.0,0.0,0.0,0,0.0,0.0,0.0,0.0,0.0,0.0,0.0,0.0,0.0,0.0,0.0,0.0,0.0,0.0,0.0,0.0,0.0,0.0,0.0,0.0,0.0,0.0,0.0,0.0,0.0,0.0,0.0,Radicle Group Inc.,,,,,0,CAR,Not ARB Eligible,,2021-05-25 00:00:00,,,Canada Grassland,https://thereserve2.apx.com/myModule/rpt/myrpt.asp?r=111,,0.0,0.0,0.0,0.0,0.0,0.0,0.0,0.0,0.0,0.0,0.0,0.0,0.0,0.0,0.0,0.0,0.0,0.0,0.0,0.0,0.0,0.0,0.0,0.0,0.0,0.0,0.0,,No longer found on registry,2021-12-31 00:00:00,,,,,,,,
CAR1472,Clark Grasslands Project,CAR,No,Delisted,Forestry & Land Use,Avoided Grassland Conversion,,North America,United States,ALBERTA,Wheaton County,Radicle Group Inc.,0,0,0,,0.0,0.0,0.0,0.0,0.0,0.0,0.0,0.0,0.0,0.0,0.0,0.0,0.0,0.0,0.0,0.0,0.0,0.0,0.0,0.0,0.0,0.0,0.0,0.0,0.0,0.0,0.0,0.0,0.0,0.0,0.0,0.0,0.0,0.0,0.0,0.0,0.0,0.0,0.0,0.0,0.0,0.0,0.0,0.0,0.0,0.0,0.0,0.0,0.0,0.0,0.0,0.0,0.0,0.0,0,0.0,0.0,0.0,0.0,0.0,0.0,0.0,0.0,0.0,0.0,0.0,0.0,0.0,0.0,0.0,0.0,0.0,0.0,0.0,0.0,0.0,0.0,0.0,0.0,0.0,0.0,0.0,Radicle Group Inc.,,,,,0,CAR,Not ARB Eligible,,2021-05-25 00:00:00,,,Canada Grassland,https://thereserve2.apx.com/myModule/rpt/myrpt.asp?r=111,,0.0,0.0,0.0,0.0,0.0,0.0,0.0,0.0,0.0,0.0,0.0,0.0,0.0,0.0,0.0,0.0,0.0,0.0,0.0,0.0,0.0,0.0,0.0,0.0,0.0,0.0,0.0,,No longer found on registry,2021-12-31 00:00:00,,,,,,,,
CAR1473,Anderson Grassland Project,CAR,No,Delisted,Forestry & Land Use,Avoided Grassland Conversion,,North America,United States,ALBERTA,Beaver County,Radicle Group Inc.,0,0,0,,0.0,0.0,0.0,0.0,0.0,0.0,0.0,0.0,0.0,0.0,0.0,0.0,0.0,0.0,0.0,0.0,0.0,0.0,0.0,0.0,0.0,0.0,0.0,0.0,0.0,0.0,0.0,0.0,0.0,0.0,0.0,0.0,0.0,0.0,0.0,0.0,0.0,0.0,0.0,0.0,0.0,0.0,0.0,0.0,0.0,0.0,0.0,0.0,0.0,0.0,0.0,0.0,0.0,0.0,0,0.0,0.0,0.0,0.0,0.0,0.0,0.0,0.0,0.0,0.0,0.0,0.0,0.0,0.0,0.0,0.0,0.0,0.0,0.0,0.0,0.0,0.0,0.0,0.0,0.0,0.0,0.0,Radicle Group Inc.,,,,,0,CAR,Not ARB Eligible,,2021-05-25 00:00:00,,,Canada Grassland,https://thereserve2.apx.com/myModule/rpt/myrpt.asp?r=111,,0.0,0.0,0.0,0.0,0.0,0.0,0.0,0.0,0.0,0.0,0.0,0.0,0.0,0.0,0.0,0.0,0.0,0.0,0.0,0.0,0.0,0.0,0.0,0.0,0.0,0.0,0.0,,No longer found on registry,2021-12-31 00:00:00,,,,,,,,
CAR1475,Gibson Grassland Project,CAR,No,Delisted,Forestry & Land Use,Avoided Grassland Conversion,,North America,United States,ALBERTA,Vermilion River County #24,Radicle Group Inc.,0,0,0,,0.0,0.0,0.0,0.0,0.0,0.0,0.0,0.0,0.0,0.0,0.0,0.0,0.0,0.0,0.0,0.0,0.0,0.0,0.0,0.0,0.0,0.0,0.0,0.0,0.0,0.0,0.0,0.0,0.0,0.0,0.0,0.0,0.0,0.0,0.0,0.0,0.0,0.0,0.0,0.0,0.0,0.0,0.0,0.0,0.0,0.0,0.0,0.0,0.0,0.0,0.0,0.0,0.0,0.0,0,0.0,0.0,0.0,0.0,0.0,0.0,0.0,0.0,0.0,0.0,0.0,0.0,0.0,0.0,0.0,0.0,0.0,0.0,0.0,0.0,0.0,0.0,0.0,0.0,0.0,0.0,0.0,Radicle Group Inc.,,,,,0,CAR,Not ARB Eligible,,2021-05-25 00:00:00,,,Canada Grassland,https://thereserve2.apx.com/myModule/rpt/myrpt.asp?r=111,,0.0,0.0,0.0,0.0,0.0,0.0,0.0,0.0,0.0,0.0,0.0,0.0,0.0,0.0,0.0,0.0,0.0,0.0,0.0,0.0,0.0,0.0,0.0,0.0,0.0,0.0,0.0,,No longer found on registry,2021-12-31 00:00:00,,,,,,,,
CAR1476,Hansen Grassland Project,CAR,No,Delisted,Forestry & Land Use,Avoided Grassland Conversion,,North America,United States,ALBERTA,Cardston County,Radicle Group Inc.,0,0,0,,0.0,0.0,0.0,0.0,0.0,0.0,0.0,0.0,0.0,0.0,0.0,0.0,0.0,0.0,0.0,0.0,0.0,0.0,0.0,0.0,0.0,0.0,0.0,0.0,0.0,0.0,0.0,0.0,0.0,0.0,0.0,0.0,0.0,0.0,0.0,0.0,0.0,0.0,0.0,0.0,0.0,0.0,0.0,0.0,0.0,0.0,0.0,0.0,0.0,0.0,0.0,0.0,0.0,0.0,0,0.0,0.0,0.0,0.0,0.0,0.0,0.0,0.0,0.0,0.0,0.0,0.0,0.0,0.0,0.0,0.0,0.0,0.0,0.0,0.0,0.0,0.0,0.0,0.0,0.0,0.0,0.0,Radicle Group Inc.,,,,,0,CAR,Not ARB Eligible,,2021-05-25 00:00:00,,,Canada Grassland,https://thereserve2.apx.com/myModule/rpt/myrpt.asp?r=111,,0.0,0.0,0.0,0.0,0.0,0.0,0.0,0.0,0.0,0.0,0.0,0.0,0.0,0.0,0.0,0.0,0.0,0.0,0.0,0.0,0.0,0.0,0.0,0.0,0.0,0.0,0.0,,No longer found on registry,2021-12-31 00:00:00,,,,,,,,
ACR166,Si-Ellen Farms and White Clover Dairy,ACR,No,Delisted,Agriculture,Manure Methane Digester,AMS-III.Y: Methane avoidance through separation of solids from wastewater or manure treatment systems,North America,United States,IDAHO,"Jerome, ID","Roth Investments, LLC",0,0,0,,0.0,0.0,0.0,0.0,0.0,0.0,0.0,0.0,0.0,0.0,0.0,0.0,0.0,0.0,0.0,0.0,0.0,0.0,0.0,0.0,0.0,0.0,0.0,0.0,0.0,0.0,0.0,0.0,0.0,0.0,0.0,0.0,0.0,0.0,0.0,0.0,0.0,0.0,0.0,0.0,0.0,0.0,0.0,0.0,0.0,0.0,0.0,0.0,0.0,0.0,0.0,0.0,0.0,0.0,0,0.0,0.0,0.0,0.0,0.0,0.0,0.0,0.0,0.0,0.0,0.0,0.0,0.0,0.0,0.0,0.0,0.0,0.0,0.0,0.0,0.0,0.0,0.0,0.0,0.0,0.0,0.0,,,,Ruby Canyon Environment,,0,ACR,Not ARB Eligible,,,,"09: Industry, Innovation and Infrastructure;11: Sustainable Cities and Communities;13: Climate Action",Livestock Waste Management,https://acr2.apx.com/myModule/rpt/myrpt.asp?r=111,,0.0,0.0,0.0,0.0,0.0,0.0,0.0,0.0,0.0,0.0,0.0,0.0,0.0,0.0,0.0,0.0,0.0,0.0,0.0,0.0,0.0,0.0,0.0,0.0,0.0,0.0,0.0,,No longer found on registry,2021-04-14 00:00:00,,,,,,,,
ACR180,DelAgua Public Health Program in Eastern Africa,ACR,No,Delisted,Household & Community,Bundled Energy Efficiency,Energy efficiency measures in thermal applications of non-renewable biomass,Sub Saharan Africa,Rwanda,Western Province,"Rubavu District, Rwanda",DelAgua Health Rwanda Limited,0,0,0,,0.0,0.0,0.0,0.0,0.0,0.0,0.0,0.0,0.0,0.0,0.0,0.0,0.0,0.0,0.0,0.0,0.0,0.0,0.0,0.0,0.0,0.0,0.0,0.0,0.0,0.0,0.0,0.0,0.0,0.0,0.0,0.0,0.0,0.0,0.0,0.0,0.0,0.0,0.0,0.0,0.0,0.0,0.0,0.0,0.0,0.0,0.0,0.0,0.0,0.0,0.0,0.0,0.0,0.0,0,0.0,0.0,0.0,0.0,0.0,0.0,0.0,0.0,0.0,0.0,0.0,0.0,0.0,0.0,0.0,0.0,0.0,0.0,0.0,0.0,0.0,0.0,0.0,0.0,0.0,0.0,0.0,,,,,,0,ACR,Not ARB Eligible,,,,07: Affordable and Clean Energy;13: Climate Action;15: Life on Land,Energy Efficiency,https://acr2.apx.com/myModule/rpt/myrpt.asp?r=111,www.delaguahealth.com,0.0,0.0,0.0,0.0,0.0,0.0,0.0,0.0,0.0,0.0,0.0,0.0,0.0,0.0,0.0,0.0,0.0,0.0,0.0,0.0,0.0,0.0,0.0,0.0,0.0,0.0,0.0,,No longer found on registry,2021-04-14 00:00:00,,,,,,,,
ACR494,SIG - Koda Biomass Energy,ACR,No,Delisted,Renewable Energy,Biomass,AMS-I.C.: Thermal energy production with or without electricity,North America,United States,MINNESOTA,Shakopee,334,0,0,0,,0.0,0.0,0.0,0.0,0.0,0.0,0.0,0.0,0.0,0.0,0.0,0.0,0.0,0.0,0.0,0.0,0.0,0.0,0.0,0.0,0.0,0.0,0.0,0.0,0.0,0.0,0.0,0.0,0.0,0.0,0.0,0.0,0.0,0.0,0.0,0.0,0.0,0.0,0.0,0.0,0.0,0.0,0.0,0.0,0.0,0.0,0.0,0.0,0.0,0.0,0.0,0.0,0.0,0.0,0,0.0,0.0,0.0,0.0,0.0,0.0,0.0,0.0,0.0,0.0,0.0,0.0,0.0,0.0,0.0,0.0,0.0,0.0,0.0,0.0,0.0,0.0,0.0,0.0,0.0,0.0,0.0,,,,SCS Global Services (Scientific Certification Systems),,0,ACR,Not ARB Eligible,,,,"07: Affordable and Clean Energy;09: Industry, Innovation and Infrastructure;13: Climate Action",Fuel Switching,https://acr2.apx.com/myModule/rpt/myrpt.asp?r=111,,0.0,0.0,0.0,0.0,0.0,0.0,0.0,0.0,0.0,0.0,0.0,0.0,0.0,0.0,0.0,0.0,0.0,0.0,0.0,0.0,0.0,0.0,0.0,0.0,0.0,0.0,0.0,,No longer found on registry,2021-04-14 00:00:00,,,,,,,,
ACR512,Hydrodec Base Oil Reclamation Project,ACR,No,Delisted,Industrial Manufacturing,Oil Recycling,Re-refining Used Lubricating Oils,North America,United States,OHIO,2021 Steinway Blvd. S.E.,"3Degrees Group, Inc.",0,0,0,,0.0,0.0,0.0,0.0,0.0,0.0,0.0,0.0,0.0,0.0,0.0,0.0,0.0,0.0,0.0,0.0,0.0,0.0,0.0,0.0,0.0,0.0,0.0,0.0,0.0,0.0,0.0,0.0,0.0,0.0,0.0,0.0,0.0,0.0,0.0,0.0,0.0,0.0,0.0,0.0,0.0,0.0,0.0,0.0,0.0,0.0,0.0,0.0,0.0,0.0,0.0,0.0,0.0,0.0,0,0.0,0.0,0.0,0.0,0.0,0.0,0.0,0.0,0.0,0.0,0.0,0.0,0.0,0.0,0.0,0.0,0.0,0.0,0.0,0.0,0.0,0.0,0.0,0.0,0.0,0.0,0.0,,,,,,0,ACR,Not ARB Eligible,,,,"09: Industry, Innovation and Infrastructure;13: Climate Action",Industrial Process Emissions,https://acr2.apx.com/myModule/rpt/myrpt.asp?r=111,,0.0,0.0,0.0,0.0,0.0,0.0,0.0,0.0,0.0,0.0,0.0,0.0,0.0,0.0,0.0,0.0,0.0,0.0,0.0,0.0,0.0,0.0,0.0,0.0,0.0,0.0,0.0,,No longer found on registry,2021-04-14 00:00:00,,,,,,,,
ACR525,Foam Blowing Agent 001,ACR,No,Delisted,Chemical Processes,HFC Replacement in Foam Production,Transition to Advanced Formulation Blowing Agents in Foam Manufacturing and Use,North America,United States,MISSOURI,O'Fallon,"True Manufacturing Co., Inc.",0,0,0,,0.0,0.0,0.0,0.0,0.0,0.0,0.0,0.0,0.0,0.0,0.0,0.0,0.0,0.0,0.0,0.0,0.0,0.0,0.0,0.0,0.0,0.0,0.0,0.0,0.0,0.0,0.0,0.0,0.0,0.0,0.0,0.0,0.0,0.0,0.0,0.0,0.0,0.0,0.0,0.0,0.0,0.0,0.0,0.0,0.0,0.0,0.0,0.0,0.0,0.0,0.0,0.0,0.0,0.0,0,0.0,0.0,0.0,0.0,0.0,0.0,0.0,0.0,0.0,0.0,0.0,0.0,0.0,0.0,0.0,0.0,0.0,0.0,0.0,0.0,0.0,0.0,0.0,0.0,0.0,0.0,0.0,,,,"First Environment, Inc.",,0,ACR,Not ARB Eligible,,,,"09: Industry, Innovation and Infrastructure;12: Responsible Consumption and Production;13: Climate Action",Industrial Process Emissions,https://acr2.apx.com/myModule/rpt/myrpt.asp?r=111,,0.0,0.0,0.0,0.0,0.0,0.0,0.0,0.0,0.0,0.0,0.0,0.0,0.0,0.0,0.0,0.0,0.0,0.0,0.0,0.0,0.0,0.0,0.0,0.0,0.0,0.0,0.0,,No longer found on registry,2021-04-14 00:00:00,,,,,,,,
ACR654,CNX VAO-CMM-1,ACR,No,Delisted,Industrial Manufacturing,Mine Methane Capture,Capturing and Destroying Methane from Coal and Trona Mines in North America,North America,United States,VIRGINIA,Buchanan & Tazewell County,490,0,0,0,,0.0,0.0,0.0,0.0,0.0,0.0,0.0,0.0,0.0,0.0,0.0,0.0,0.0,0.0,0.0,0.0,0.0,0.0,0.0,0.0,0.0,0.0,0.0,0.0,0.0,0.0,0.0,0.0,0.0,0.0,0.0,0.0,0.0,0.0,0.0,0.0,0.0,0.0,0.0,0.0,0.0,0.0,0.0,0.0,0.0,0.0,0.0,0.0,0.0,0.0,0.0,0.0,0.0,0.0,0,0.0,0.0,0.0,0.0,0.0,0.0,0.0,0.0,0.0,0.0,0.0,0.0,0.0,0.0,0.0,0.0,0.0,0.0,0.0,0.0,0.0,0.0,0.0,0.0,0.0,0.0,0.0,,,,"First Environment, Inc.",,0,ACR,Not ARB Eligible,,,,"07: Affordable and Clean Energy;08: Decent Work and Economic Growth;09: Industry, Innovation and Infrastructure;12: Responsible Consumption and Production;13: Climate Action",Coal Mine Methane,https://acr2.apx.com/myModule/rpt/myrpt.asp?r=111,,0.0,0.0,0.0,0.0,0.0,0.0,0.0,0.0,0.0,0.0,0.0,0.0,0.0,0.0,0.0,0.0,0.0,0.0,0.0,0.0,0.0,0.0,0.0,0.0,0.0,0.0,0.0,,No longer found on registry,2021-04-14 00:00:00,,,,,,,,
ACR703,Slate River Timberlands,ACR,No,Delisted,Forestry & Land Use,Improved Forest Management,Improved Forest Management (IFM) on Non-Federal U.S. Forestlands,North America,United States,MICHIGAN,Baraga County,The Nature Conservancy,0,0,0,,0.0,0.0,0.0,0.0,0.0,0.0,0.0,0.0,0.0,0.0,0.0,0.0,0.0,0.0,0.0,0.0,0.0,0.0,0.0,0.0,0.0,0.0,0.0,0.0,0.0,0.0,0.0,0.0,0.0,0.0,0.0,0.0,0.0,0.0,0.0,0.0,0.0,0.0,0.0,0.0,0.0,0.0,0.0,0.0,0.0,0.0,0.0,0.0,0.0,0.0,0.0,0.0,0.0,0.0,0,0.0,0.0,0.0,0.0,0.0,0.0,0.0,0.0,0.0,0.0,0.0,0.0,0.0,0.0,0.0,0.0,0.0,0.0,0.0,0.0,0.0,0.0,0.0,0.0,0.0,0.0,0.0,,,,,,0,ACR,Not ARB Eligible,,,,06: Clean Water and Sanitation;13: Climate Action;15: Life on Land,Forest Carbon,https://acr2.apx.com/myModule/rpt/myrpt.asp?r=111,,0.0,0.0,0.0,0.0,0.0,0.0,0.0,0.0,0.0,0.0,0.0,0.0,0.0,0.0,0.0,0.0,0.0,0.0,0.0,0.0,0.0,0.0,0.0,0.0,0.0,0.0,0.0,,No longer found on registry,2022-02-01 00:00:00,,,,,,,,
VCS2497,"TIST Program in Uganda, VCS-CCB 011",VCS,No,Registration and verification approval denied,Forestry & Land Use,Afforestation/Reforestation,AR-AMS0007,Sub Saharan Africa,Uganda,,,Clean Air Action Corporation,0,0,0,,0.0,0.0,0.0,0.0,0.0,0.0,0.0,0.0,0.0,0.0,0.0,0.0,0.0,0.0,0.0,0.0,0.0,0.0,0.0,0.0,0.0,0.0,0.0,0.0,0.0,0.0,0.0,0.0,0.0,0.0,0.0,0.0,0.0,0.0,0.0,0.0,0.0,0.0,0.0,0.0,0.0,0.0,0.0,0.0,0.0,0.0,0.0,0.0,0.0,0.0,0.0,0.0,0.0,0.0,0,0.0,0.0,0.0,0.0,0.0,0.0,0.0,0.0,0.0,0.0,0.0,0.0,0.0,0.0,0.0,0.0,0.0,0.0,0.0,0.0,0.0,0.0,0.0,0.0,0.0,0.0,0.0,,,,,121978,0,VCS,,,,,,Agriculture Forestry and Other Land Use,https://www.vcsprojectdatabase.org/#/projects,,0.0,0.0,0.0,0.0,0.0,0.0,0.0,0.0,0.0,0.0,0.0,0.0,0.0,0.0,0.0,0.0,0.0,0.0,0.0,0.0,0.0,0.0,0.0,0.0,0.0,0.0,0.0,,No longer found on registry,2021-12-31 00:00:00,,,,,,,,
CAR1530,DANC- Southern Expansion Project,CAR,No,Delisted,Waste Management,Landfill Methane,,North America,United States,NEW YORK,Jefferson County NY,Development Authority of the North Country,0,0,0,,0.0,0.0,0.0,0.0,0.0,0.0,0.0,0.0,0.0,0.0,0.0,0.0,0.0,0.0,0.0,0.0,0.0,0.0,0.0,0.0,0.0,0.0,0.0,0.0,0.0,0.0,0.0,0.0,0.0,0.0,0.0,0.0,0.0,0.0,0.0,0.0,0.0,0.0,0.0,0.0,0.0,0.0,0.0,0.0,0.0,0.0,0.0,0.0,0.0,0.0,0.0,0.0,0.0,0.0,0,0.0,0.0,0.0,0.0,0.0,0.0,0.0,0.0,0.0,0.0,0.0,0.0,0.0,0.0,0.0,0.0,0.0,0.0,0.0,0.0,0.0,0.0,0.0,0.0,0.0,0.0,0.0,Development Authority of the North Country,,,,,0,CAR,Not ARB Eligible,,2021-11-03 00:00:00,,,Landfill Gas Capture/Combustion,https://thereserve2.apx.com/myModule/rpt/myrpt.asp?r=111,www.danc.org,0.0,0.0,0.0,0.0,0.0,0.0,0.0,0.0,0.0,0.0,0.0,0.0,0.0,0.0,0.0,0.0,0.0,0.0,0.0,0.0,0.0,0.0,0.0,0.0,0.0,0.0,0.0,,No longer found on registry,2021-12-31 00:00:00,,,,,,,,
GS9995,"Nepal Biogas Support Program - CPA 5: 19,842 digesters",GOLD,No,Delisted,Household & Community,Biodigesters,,South Asia,Nepal,,,QK TS Pvt. Ltd.,0,0,0,,0.0,0.0,0.0,0.0,0.0,0.0,0.0,0.0,0.0,0.0,0.0,0.0,0.0,0.0,0.0,0.0,0.0,0.0,0.0,0.0,0.0,0.0,0.0,0.0,0.0,0.0,0.0,0.0,0.0,0.0,0.0,0.0,0.0,0.0,0.0,0.0,0.0,0.0,0.0,0.0,0.0,0.0,0.0,0.0,0.0,0.0,0.0,0.0,0.0,0.0,0.0,0.0,0.0,0.0,0,0.0,0.0,0.0,0.0,0.0,0.0,0.0,0.0,0.0,0.0,0.0,0.0,0.0,0.0,0.0,0.0,0.0,0.0,0.0,0.0,0.0,0.0,0.0,0.0,0.0,0.0,0.0,,,,,65833,0,GOLD,,,,,,BIOGAS_HEAT,https://platform.sustain-cert.com/public-project/662,https://registry.goldstandard.org/projects/details/638,0.0,0.0,0.0,0.0,0.0,0.0,0.0,0.0,0.0,0.0,0.0,0.0,0.0,0.0,0.0,0.0,0.0,0.0,0.0,0.0,0.0,0.0,0.0,0.0,0.0,0.0,0.0,,No longer found on registry,2021-02-01 00:00:00,0.0,,,v1 4-2021,,,,
GS9996,"Nepal Biogas Support Program - CPA 4: 19,970 digesters",GOLD,No,Deactivated,Household & Community,Biodigesters,,South Asia,Nepal,,,QK TS Pvt. Ltd. no longer the developer,0,0,0,,0.0,0.0,0.0,0.0,0.0,0.0,0.0,0.0,0.0,0.0,0.0,0.0,0.0,0.0,0.0,0.0,0.0,0.0,0.0,0.0,0.0,0.0,0.0,0.0,0.0,0.0,0.0,0.0,0.0,0.0,0.0,0.0,0.0,0.0,0.0,0.0,0.0,0.0,0.0,0.0,0.0,0.0,0.0,0.0,0.0,0.0,0.0,0.0,0.0,0.0,0.0,0.0,0.0,0.0,0,0.0,0.0,0.0,0.0,0.0,0.0,0.0,0.0,0.0,0.0,0.0,0.0,0.0,0.0,0.0,0.0,0.0,0.0,0.0,0.0,0.0,0.0,0.0,0.0,0.0,0.0,0.0,,,,,66397,0,GOLD,,,,,,BIOGAS_HEAT,https://platform.sustain-cert.com/public-project/557,https://registry.goldstandard.org/projects/details/545,0.0,0.0,0.0,0.0,0.0,0.0,0.0,0.0,0.0,0.0,0.0,0.0,0.0,0.0,0.0,0.0,0.0,0.0,0.0,0.0,0.0,0.0,0.0,0.0,0.0,0.0,0.0,,No longer found on registry,2021-02-01 00:00:00,0.0,,QK TS Pvt. Ltd. no longer the developer,v1 4-2021,,,,
GS9997,"Nepal Biogas Support Program - CPA 3: 19,959 digesters",GOLD,No,Deactivated,Household & Community,Biodigesters,,South Asia,Nepal,,,QK TS Pvt. Ltd. no longer the developer,0,0,0,,0.0,0.0,0.0,0.0,0.0,0.0,0.0,0.0,0.0,0.0,0.0,0.0,0.0,0.0,0.0,0.0,0.0,0.0,0.0,0.0,0.0,0.0,0.0,0.0,0.0,0.0,0.0,0.0,0.0,0.0,0.0,0.0,0.0,0.0,0.0,0.0,0.0,0.0,0.0,0.0,0.0,0.0,0.0,0.0,0.0,0.0,0.0,0.0,0.0,0.0,0.0,0.0,0.0,0.0,0,0.0,0.0,0.0,0.0,0.0,0.0,0.0,0.0,0.0,0.0,0.0,0.0,0.0,0.0,0.0,0.0,0.0,0.0,0.0,0.0,0.0,0.0,0.0,0.0,0.0,0.0,0.0,,,,,66329,0,GOLD,,,,,,BIOGAS_HEAT,https://platform.sustain-cert.com/public-project/555,https://registry.goldstandard.org/projects/details/544,0.0,0.0,0.0,0.0,0.0,0.0,0.0,0.0,0.0,0.0,0.0,0.0,0.0,0.0,0.0,0.0,0.0,0.0,0.0,0.0,0.0,0.0,0.0,0.0,0.0,0.0,0.0,,No longer found on registry,2021-02-01 00:00:00,0.0,,QK TS Pvt. Ltd. no longer the developer,v1 4-2021,,,,
GS9998,"Nepal Biogas Support Program - CPA1: 20, 000 digesters",GOLD,No,Deactivated,Household & Community,Biodigesters,,South Asia,Nepal,,,QK TS Pvt. Ltd. no longer the developer,0,0,0,,0.0,0.0,0.0,0.0,0.0,0.0,0.0,0.0,0.0,0.0,0.0,0.0,0.0,0.0,0.0,0.0,0.0,0.0,0.0,0.0,0.0,0.0,0.0,0.0,0.0,0.0,0.0,0.0,0.0,0.0,0.0,0.0,0.0,0.0,0.0,0.0,0.0,0.0,0.0,0.0,0.0,0.0,0.0,0.0,0.0,0.0,0.0,0.0,0.0,0.0,0.0,0.0,0.0,0.0,0,0.0,0.0,0.0,0.0,0.0,0.0,0.0,0.0,0.0,0.0,0.0,0.0,0.0,0.0,0.0,0.0,0.0,0.0,0.0,0.0,0.0,0.0,0.0,0.0,0.0,0.0,0.0,,,,,61510,0,GOLD,,,,,,BIOGAS_HEAT,https://platform.sustain-cert.com/public-project/552,https://registry.goldstandard.org/projects/details/543,0.0,0.0,0.0,0.0,0.0,0.0,0.0,0.0,0.0,0.0,0.0,0.0,0.0,0.0,0.0,0.0,0.0,0.0,0.0,0.0,0.0,0.0,0.0,0.0,0.0,0.0,0.0,,No longer found on registry,2021-02-01 00:00:00,0.0,,QK TS Pvt. Ltd. no longer the developer,v1 4-2021,,,,
GS9999,Nepal Biogas Support Program-PoA,GOLD,No,Deactivated,Household & Community,Biodigesters,,South Asia,Nepal,,,QK TS Pvt. Ltd. no longer the developer,0,0,0,,0.0,0.0,0.0,0.0,0.0,0.0,0.0,0.0,0.0,0.0,0.0,0.0,0.0,0.0,0.0,0.0,0.0,0.0,0.0,0.0,0.0,0.0,0.0,0.0,0.0,0.0,0.0,0.0,0.0,0.0,0.0,0.0,0.0,0.0,0.0,0.0,0.0,0.0,0.0,0.0,0.0,0.0,0.0,0.0,0.0,0.0,0.0,0.0,0.0,0.0,0.0,0.0,0.0,0.0,0,0.0,0.0,0.0,0.0,0.0,0.0,0.0,0.0,0.0,0.0,0.0,0.0,0.0,0.0,0.0,0.0,0.0,0.0,0.0,0.0,0.0,0.0,0.0,0.0,0.0,0.0,0.0,,,,,0,0,GOLD,,,,,,BIOGAS_HEAT,https://platform.sustain-cert.com/public-project/553,https://registry.goldstandard.org/projects/details/1569,0.0,0.0,0.0,0.0,0.0,0.0,0.0,0.0,0.0,0.0,0.0,0.0,0.0,0.0,0.0,0.0,0.0,0.0,0.0,0.0,0.0,0.0,0.0,0.0,0.0,0.0,0.0,,No longer found on registry,2021-02-01 00:00:00,0.0,,QK TS Pvt. Ltd. no longer the developer,v1 4-2021,,,,
ACR559,Finite Carbon - Southeastern Cave Conservancy IFM,ACR,No,Delisted,Forestry & Land Use,Improved Forest Management,Improved Forest Management (IFM) on Non-Federal U.S. Forestlands,North America,United States,GEORGIA,"ackson Cnty and Dekalb Cnty, AL; Dade Cnty and Walker Cnty, GA; Marion Cnty, TN","Southeastern Cave Conservancy, Inc",0,0,0,,0.0,0.0,0.0,0.0,0.0,0.0,0.0,0.0,0.0,0.0,0.0,0.0,0.0,0.0,0.0,0.0,0.0,0.0,0.0,0.0,0.0,0.0,0.0,0.0,0.0,0.0,0.0,0.0,0.0,0.0,0.0,0.0,0.0,0.0,0.0,0.0,0.0,0.0,0.0,0.0,0.0,0.0,0.0,0.0,0.0,0.0,0.0,0.0,0.0,0.0,0.0,0.0,0.0,0.0,0,0.0,0.0,0.0,0.0,0.0,0.0,0.0,0.0,0.0,0.0,0.0,0.0,0.0,0.0,0.0,0.0,0.0,0.0,0.0,0.0,0.0,0.0,0.0,0.0,0.0,0.0,0.0,,,,,,0,ACR,Not ARB Eligible,,,,,06: Clean Water and Sanitation;13: Climate Action;15: Life on Land,Forest Carbon,https://www.finitecarbon.com/clients/land-trusts/,0.0,0.0,0.0,0.0,0.0,0.0,0.0,0.0,0.0,0.0,0.0,0.0,0.0,0.0,0.0,0.0,0.0,0.0,0.0,0.0,0.0,0.0,0.0,0.0,0.0,0.0,0.0,,No longer found on registry as of v8 5/10/23,2021-04-14 00:00:00,,,,,,,,
ACR667,The Forestland Group - Big Poplar Improved Forest Management Project,ACR,No,Delisted,Forestry & Land Use,Improved Forest Management,Improved Forest Management (IFM) on Non-Federal U.S. Forestlands,North America,United States,WEST VIRGINIA,Nicholas County,302,0,0,0,,0.0,0.0,0.0,0.0,0.0,0.0,0.0,0.0,0.0,0.0,0.0,0.0,0.0,0.0,0.0,0.0,0.0,0.0,0.0,0.0,0.0,0.0,0.0,0.0,0.0,0.0,0.0,0.0,0.0,0.0,0.0,0.0,0.0,0.0,0.0,0.0,0.0,0.0,0.0,0.0,0.0,0.0,0.0,0.0,0.0,0.0,0.0,0.0,0.0,0.0,0.0,0.0,0.0,0.0,0,0.0,0.0,0.0,0.0,0.0,0.0,0.0,0.0,0.0,0.0,0.0,0.0,0.0,0.0,0.0,0.0,0.0,0.0,0.0,0.0,0.0,0.0,0.0,0.0,0.0,0.0,0.0,,,,,,0,ACR,Not ARB Eligible,,,,,06: Clean Water and Sanitation;13: Climate Action;15: Life on Land,Forest Carbon,,0.0,0.0,0.0,0.0,0.0,0.0,0.0,0.0,0.0,0.0,0.0,0.0,0.0,0.0,0.0,0.0,0.0,0.0,0.0,0.0,0.0,0.0,0.0,0.0,0.0,0.0,0.0,,No longer found on registry as of v8 5/10/23,2021-12-31 00:00:00,,,,,,,,
CAR466,Dalton-Whitfield Landfill Project,CAR,No,Completed,Waste Management,Landfill Methane,CAR U.S. Landfill Protocol,North America,United States,GEORGIA,Whitfield County,Dalton-Whitfield Regional Solid Waste Management Authority,343251,269569,73682,2008,0.0,0.0,0.0,0.0,0.0,0.0,0.0,0.0,0.0,0.0,0.0,0.0,23483.0,45916.0,43878.0,41638.0,41333.0,44169.0,42058.0,41893.0,18883.0,0.0,0.0,0.0,0.0,0.0,0.0,0.0,0.0,0.0,0.0,0.0,0.0,0.0,0.0,0.0,0.0,0.0,0.0,0.0,0.0,0.0,0.0,0.0,74759.0,5000.0,19211.0,69584.0,30876.0,18318.0,17183.0,15063.0,149.0,19426.0,0,0.0,0.0,0.0,0.0,0.0,0.0,0.0,0.0,0.0,0.0,0.0,0.0,0.0,0.0,22156.0,5464.0,15749.0,0.0,19016.0,10557.0,740.0,0.0,0.0,0.0,0.0,0.0,0.0,Dalton-Whitfield Regional Solid Waste Management Authority,,,,,0,CAR,Not ARB Eligible,,2009-07-09 00:00:00,2010-07-28 00:00:00,,Landfill Gas Capture/Combustion,https://thereserve2.apx.com/myModule/rpt/myrpt.asp?r=111,www.dwswa.org,0.0,0.0,0.0,0.0,0.0,0.0,0.0,0.0,0.0,0.0,0.0,0.0,0.0,0.0,41675.0,89308.0,41130.0,42391.0,43970.0,41671.0,43106.0,0.0,0.0,0.0,0.0,0.0,0.0,,No longer found on registry as of v8 5/10/23,2021-04-14 00:00:00,,,,,,,,
VCS3425,Kwamisa/Other reserves community Forest Project,VCS,No,Development Unsuccessful,Forestry & Land Use,Afforestation/Reforestation,AR-ACM0003,Sub Saharan Africa,Ghana,,,Multiple Proponents,0,0,0,,0.0,0.0,0.0,0.0,0.0,0.0,0.0,0.0,0.0,0.0,0.0,0.0,0.0,0.0,0.0,0.0,0.0,0.0,0.0,0.0,0.0,0.0,0.0,0.0,0.0,0.0,0.0,0.0,0.0,0.0,0.0,0.0,0.0,0.0,0.0,0.0,0.0,0.0,0.0,0.0,0.0,0.0,0.0,0.0,0.0,0.0,0.0,0.0,0.0,0.0,0.0,0.0,0.0,0.0,0,0.0,0.0,0.0,0.0,0.0,0.0,0.0,0.0,0.0,0.0,0.0,0.0,0.0,0.0,0.0,0.0,0.0,0.0,0.0,0.0,0.0,0.0,0.0,0.0,0.0,0.0,0.0,,,,,26281,0,VCS,,,,,,Agriculture Forestry and Other Land Use,https://www.vcsprojectdatabase.org/#/projects,,0.0,0.0,0.0,0.0,0.0,0.0,0.0,0.0,0.0,0.0,0.0,0.0,0.0,0.0,0.0,0.0,0.0,0.0,0.0,0.0,0.0,0.0,0.0,0.0,0.0,0.0,0.0,,No longer found on registry as of v8 5/10/23,2022-11-09 00:00:00,,,,,,,,
GS3977,Use of bioslurry as fertiliser Indonesia Domestic Biogas Programme,GOLD,No,Delisted,Household & Community,Biodigesters,,South East Asia,Indonesia,,,HIVOS Foundation,0,0,0,,0.0,0.0,0.0,0.0,0.0,0.0,0.0,0.0,0.0,0.0,0.0,0.0,0.0,0.0,0.0,0.0,0.0,0.0,0.0,0.0,0.0,0.0,0.0,0.0,0.0,0.0,0.0,0.0,0.0,0.0,0.0,0.0,0.0,0.0,0.0,0.0,0.0,0.0,0.0,0.0,0.0,0.0,0.0,0.0,0.0,0.0,0.0,0.0,0.0,0.0,0.0,0.0,0.0,0.0,0,0.0,0.0,0.0,0.0,0.0,0.0,0.0,0.0,0.0,0.0,0.0,0.0,0.0,0.0,0.0,0.0,0.0,0.0,0.0,0.0,0.0,0.0,0.0,0.0,0.0,0.0,0.0,,,,,0,0,GOLD,,,,,,OTHER,https://impact.sustain-cert.com/public_projects/1472,https://registry.goldstandard.org/projects/details/1344,0.0,0.0,0.0,0.0,0.0,0.0,0.0,0.0,0.0,0.0,0.0,0.0,0.0,0.0,0.0,0.0,0.0,0.0,0.0,0.0,0.0,0.0,0.0,0.0,0.0,0.0,0.0,,No longer found on registry as of v8 5/10/23,2021-04-14 00:00:00,,,,,,,,
GS4353,Patagonia Verde,GOLD,No,Delisted,Forestry & Land Use,Afforestation/Reforestation,Other,South America,Argentina,,,Unknown Project Developer,0,0,0,,0.0,0.0,0.0,0.0,0.0,0.0,0.0,0.0,0.0,0.0,0.0,0.0,0.0,0.0,0.0,0.0,0.0,0.0,0.0,0.0,0.0,0.0,0.0,0.0,0.0,0.0,0.0,0.0,0.0,0.0,0.0,0.0,0.0,0.0,0.0,0.0,0.0,0.0,0.0,0.0,0.0,0.0,0.0,0.0,0.0,0.0,0.0,0.0,0.0,0.0,0.0,0.0,0.0,0.0,0,0.0,0.0,0.0,0.0,0.0,0.0,0.0,0.0,0.0,0.0,0.0,0.0,0.0,0.0,0.0,0.0,0.0,0.0,0.0,0.0,0.0,0.0,0.0,0.0,0.0,0.0,0.0,,,,,1,0,GOLD,,,,,,OTHER,https://impact.sustain-cert.com/public_projects/1711,https://registry.goldstandard.org/projects/details/1689,0.0,0.0,0.0,0.0,0.0,0.0,0.0,0.0,0.0,0.0,0.0,0.0,0.0,0.0,0.0,0.0,0.0,0.0,0.0,0.0,0.0,0.0,0.0,0.0,0.0,0.0,0.0,,No longer found on registry as of v8 5/10/23,2021-04-14 00:00:00,,,,,,,,
GS4445,Productive forestry systems on degraded grasslands in Colombia,GOLD,No,Delisted,Forestry & Land Use,Afforestation/Reforestation,Other,South America,Colombia,,,Unknown Project Developer,0,0,0,,0.0,0.0,0.0,0.0,0.0,0.0,0.0,0.0,0.0,0.0,0.0,0.0,0.0,0.0,0.0,0.0,0.0,0.0,0.0,0.0,0.0,0.0,0.0,0.0,0.0,0.0,0.0,0.0,0.0,0.0,0.0,0.0,0.0,0.0,0.0,0.0,0.0,0.0,0.0,0.0,0.0,0.0,0.0,0.0,0.0,0.0,0.0,0.0,0.0,0.0,0.0,0.0,0.0,0.0,0,0.0,0.0,0.0,0.0,0.0,0.0,0.0,0.0,0.0,0.0,0.0,0.0,0.0,0.0,0.0,0.0,0.0,0.0,0.0,0.0,0.0,0.0,0.0,0.0,0.0,0.0,0.0,,,,,24162,0,GOLD,,,,,,OTHER,https://impact.sustain-cert.com/public_projects/1712,https://registry.goldstandard.org/projects/details/1718,0.0,0.0,0.0,0.0,0.0,0.0,0.0,0.0,0.0,0.0,0.0,0.0,0.0,0.0,0.0,0.0,0.0,0.0,0.0,0.0,0.0,0.0,0.0,0.0,0.0,0.0,0.0,,No longer found on registry as of v8 5/10/23,2021-04-14 00:00:00,,,,,,,,
GS4695,Reforestation at the Idete Forest Project in the Southern Highlands,GOLD,No,Delisted,Forestry & Land Use,Afforestation/Reforestation,Other,Sub Saharan Africa,Tanzania,,,Green Resources AS,0,0,0,,0.0,0.0,0.0,0.0,0.0,0.0,0.0,0.0,0.0,0.0,0.0,0.0,0.0,0.0,0.0,0.0,0.0,0.0,0.0,0.0,0.0,0.0,0.0,0.0,0.0,0.0,0.0,0.0,0.0,0.0,0.0,0.0,0.0,0.0,0.0,0.0,0.0,0.0,0.0,0.0,0.0,0.0,0.0,0.0,0.0,0.0,0.0,0.0,0.0,0.0,0.0,0.0,0.0,0.0,0,0.0,0.0,0.0,0.0,0.0,0.0,0.0,0.0,0.0,0.0,0.0,0.0,0.0,0.0,0.0,0.0,0.0,0.0,0.0,0.0,0.0,0.0,0.0,0.0,0.0,0.0,0.0,,,,,214632,0,GOLD,,,,,,OTHER,https://impact.sustain-cert.com/public_projects/1713,https://registry.goldstandard.org/projects/details/1719,0.0,0.0,0.0,0.0,0.0,0.0,0.0,0.0,0.0,0.0,0.0,0.0,0.0,0.0,0.0,0.0,0.0,0.0,0.0,0.0,0.0,0.0,0.0,0.0,0.0,0.0,0.0,,No longer found on registry as of v8 5/10/23,2021-04-14 00:00:00,,,,,,,,
GS5991,Avoca Plus,GOLD,No,Delisted,Forestry & Land Use,Afforestation/Reforestation,Other,Oceania,Australia,,,Unknown Project Developer,0,0,0,,0.0,0.0,0.0,0.0,0.0,0.0,0.0,0.0,0.0,0.0,0.0,0.0,0.0,0.0,0.0,0.0,0.0,0.0,0.0,0.0,0.0,0.0,0.0,0.0,0.0,0.0,0.0,0.0,0.0,0.0,0.0,0.0,0.0,0.0,0.0,0.0,0.0,0.0,0.0,0.0,0.0,0.0,0.0,0.0,0.0,0.0,0.0,0.0,0.0,0.0,0.0,0.0,0.0,0.0,0,0.0,0.0,0.0,0.0,0.0,0.0,0.0,0.0,0.0,0.0,0.0,0.0,0.0,0.0,0.0,0.0,0.0,0.0,0.0,0.0,0.0,0.0,0.0,0.0,0.0,0.0,0.0,,,,,14900,0,GOLD,,,,,,OTHER,https://impact.sustain-cert.com/public_projects/1763,https://registry.goldstandard.org/projects/details/1761,0.0,0.0,0.0,0.0,0.0,0.0,0.0,0.0,0.0,0.0,0.0,0.0,0.0,0.0,0.0,0.0,0.0,0.0,0.0,0.0,0.0,0.0,0.0,0.0,0.0,0.0,0.0,,No longer found on registry as of v8 5/10/23,2022-02-01 00:00:00,,,,,,,,
ACR541,Re-Refining of Used Lubricant Oil,ACR,No,Listed,Industrial & Commercial,Oil Recycling,Re-refining Used Lubricating Oils,North America,United States,GEORGIA,"411 Dividend Drive, Peachtree City, GA 30269","Universal Environmental Services, LLC",0,0,0,,0.0,0.0,0.0,0.0,0.0,0.0,0.0,0.0,0.0,0.0,0.0,0.0,0.0,0.0,0.0,0.0,0.0,0.0,0.0,0.0,0.0,0.0,0.0,0.0,0.0,0.0,0.0,0.0,0.0,0.0,0.0,0.0,0.0,0.0,0.0,0.0,0.0,0.0,0.0,0.0,0.0,0.0,0.0,0.0,0.0,0.0,0.0,0.0,0.0,0.0,0.0,0.0,0.0,0.0,0,0.0,0.0,0.0,0.0,0.0,0.0,0.0,0.0,0.0,0.0,0.0,0.0,0.0,0.0,0.0,0.0,0.0,0.0,0.0,0.0,0.0,0.0,0.0,0.0,0.0,0.0,0.0,,,,"Aster Global Environmental Solutions, Inc.",,0,ACR,Not ARB Eligible,,,,"09: Industry, Innovation and Infrastructure;13: Climate Action",Industrial Process Emissions,https://acr2.apx.com/myModule/rpt/myrpt.asp?r=111,www.theuesrefinery.com,0.0,0.0,0.0,0.0,0.0,0.0,0.0,0.0,0.0,0.0,0.0,0.0,0.0,0.0,0.0,0.0,0.0,0.0,0.0,0.0,0.0,0.0,0.0,0.0,0.0,0.0,0.0,,No longer found on registry as of v9 11/1/23,2021-04-14 00:00:00,,,,,,,,
ACR563,Bluesource - Vermejo Improved Forest Management Project,ACR,No,Canceled,Forestry & Land Use,Improved Forest Management,Improved Forest Management (IFM) on U.S. Timberlands,North America,United States,NEW MEXICO,"New Mexico, Colorado",Blue Source,0,0,0,,0.0,0.0,0.0,0.0,0.0,0.0,0.0,0.0,0.0,0.0,0.0,0.0,0.0,0.0,0.0,0.0,0.0,0.0,0.0,0.0,0.0,0.0,0.0,0.0,0.0,0.0,0.0,0.0,0.0,0.0,0.0,0.0,0.0,0.0,0.0,0.0,0.0,0.0,0.0,0.0,0.0,0.0,0.0,0.0,0.0,0.0,0.0,0.0,0.0,0.0,0.0,0.0,0.0,0.0,0,0.0,0.0,0.0,0.0,0.0,0.0,0.0,0.0,0.0,0.0,0.0,0.0,0.0,0.0,0.0,0.0,0.0,0.0,0.0,0.0,0.0,0.0,0.0,0.0,0.0,0.0,0.0,,,,,,0,ACR,Not ARB Eligible,,,,06: Clean Water and Sanitation;13: Climate Action;15: Life on Land,Forest Carbon,https://acr2.apx.com/myModule/rpt/myrpt.asp?r=111,,0.0,0.0,0.0,0.0,0.0,0.0,0.0,0.0,0.0,0.0,0.0,0.0,0.0,0.0,0.0,0.0,0.0,0.0,0.0,0.0,0.0,0.0,0.0,0.0,0.0,0.0,0.0,,No longer found on registry as of v9 11/1/23,2021-04-14 00:00:00,,,,,,,,
ACR652,True Manufacturing FBA Project 002A,ACR,No,Listed,Chemical Processes,HFC Replacement in Foam Production,Transition to Advanced Formulation Blowing Agents in Foam Manufacturing and Use,North America,United States,MISSOURI,Missouri,"True Manufacturing Co., Inc.",0,0,0,,0.0,0.0,0.0,0.0,0.0,0.0,0.0,0.0,0.0,0.0,0.0,0.0,0.0,0.0,0.0,0.0,0.0,0.0,0.0,0.0,0.0,0.0,0.0,0.0,0.0,0.0,0.0,0.0,0.0,0.0,0.0,0.0,0.0,0.0,0.0,0.0,0.0,0.0,0.0,0.0,0.0,0.0,0.0,0.0,0.0,0.0,0.0,0.0,0.0,0.0,0.0,0.0,0.0,0.0,0,0.0,0.0,0.0,0.0,0.0,0.0,0.0,0.0,0.0,0.0,0.0,0.0,0.0,0.0,0.0,0.0,0.0,0.0,0.0,0.0,0.0,0.0,0.0,0.0,0.0,0.0,0.0,,,,"First Environment, Inc.",,0,ACR,Not ARB Eligible,,,,"09: Industry, Innovation and Infrastructure;12: Responsible Consumption and Production;13: Climate Action",Industrial Process Emissions,https://acr2.apx.com/myModule/rpt/myrpt.asp?r=111,,0.0,0.0,0.0,0.0,0.0,0.0,0.0,0.0,0.0,0.0,0.0,0.0,0.0,0.0,0.0,0.0,0.0,0.0,0.0,0.0,0.0,0.0,0.0,0.0,0.0,0.0,0.0,,No longer found on registry as of v9 11/1/23,2021-12-31 00:00:00,,,,,,,,
ACR777,RHI HFC Reclaim 2021,ACR,No,Listed,Chemical Processes,HFC Refrigerant Reclamation,Use of Certified Reclaimed HFC Refrigerants,North America,United States,CALIFORNIA,"5016 Calmview Avenue Baldwin Park, CA 91706","Anew Environmental, LLC",0,0,0,,0.0,0.0,0.0,0.0,0.0,0.0,0.0,0.0,0.0,0.0,0.0,0.0,0.0,0.0,0.0,0.0,0.0,0.0,0.0,0.0,0.0,0.0,0.0,0.0,0.0,0.0,0.0,0.0,0.0,0.0,0.0,0.0,0.0,0.0,0.0,0.0,0.0,0.0,0.0,0.0,0.0,0.0,0.0,0.0,0.0,0.0,0.0,0.0,0.0,0.0,0.0,0.0,0.0,0.0,0,0.0,0.0,0.0,0.0,0.0,0.0,0.0,0.0,0.0,0.0,0.0,0.0,0.0,0.0,0.0,0.0,0.0,0.0,0.0,0.0,0.0,0.0,0.0,0.0,0.0,0.0,0.0,,,,"First Environment, Inc.",,0,ACR,Not ARB Eligible,,,,"09: Industry, Innovation and Infrastructure;12: Responsible Consumption and Production;13: Climate Action",Industrial Process Emissions,https://acr2.apx.com/myModule/rpt/myrpt.asp?r=112,,0.0,0.0,0.0,0.0,0.0,0.0,0.0,0.0,0.0,0.0,0.0,0.0,0.0,0.0,0.0,0.0,0.0,0.0,0.0,0.0,0.0,0.0,0.0,0.0,0.0,0.0,0.0,,No longer found on registry as of v9 11/1/23,2022-11-09 00:00:00,,,,,,,,
ACR779,Refrigerants Inc HFC Reclaim 2021,ACR,No,Listed,Chemical Processes,HFC Refrigerant Reclamation,Use of Certified Reclaimed HFC Refrigerants,North America,United States,COLORADO,"2575 W Barberry Place Denver, CO 80204","Anew Environmental, LLC",0,0,0,,0.0,0.0,0.0,0.0,0.0,0.0,0.0,0.0,0.0,0.0,0.0,0.0,0.0,0.0,0.0,0.0,0.0,0.0,0.0,0.0,0.0,0.0,0.0,0.0,0.0,0.0,0.0,0.0,0.0,0.0,0.0,0.0,0.0,0.0,0.0,0.0,0.0,0.0,0.0,0.0,0.0,0.0,0.0,0.0,0.0,0.0,0.0,0.0,0.0,0.0,0.0,0.0,0.0,0.0,0,0.0,0.0,0.0,0.0,0.0,0.0,0.0,0.0,0.0,0.0,0.0,0.0,0.0,0.0,0.0,0.0,0.0,0.0,0.0,0.0,0.0,0.0,0.0,0.0,0.0,0.0,0.0,,,,"First Environment, Inc.",,0,ACR,Not ARB Eligible,,,,"09: Industry, Innovation and Infrastructure;12: Responsible Consumption and Production;13: Climate Action",Industrial Process Emissions,https://acr2.apx.com/myModule/rpt/myrpt.asp?r=113,,0.0,0.0,0.0,0.0,0.0,0.0,0.0,0.0,0.0,0.0,0.0,0.0,0.0,0.0,0.0,0.0,0.0,0.0,0.0,0.0,0.0,0.0,0.0,0.0,0.0,0.0,0.0,,No longer found on registry as of v9 11/1/23,2022-11-09 00:00:00,,,,,,,,
CAR1426,Bluesource - Allagash Headwaters Improved Forest Management Project,CAR,No,Completed,Forestry & Land Use,Improved Forest Management,ARB Compliance Offset Protocol: U.S. Forest Projects,North America,United States,MAINE,Piscataquis County,"Blue Source, LLC",0,0,0,,0.0,0.0,0.0,0.0,0.0,0.0,0.0,0.0,0.0,0.0,0.0,0.0,0.0,0.0,0.0,0.0,0.0,0.0,0.0,0.0,0.0,0.0,0.0,0.0,0.0,0.0,0.0,0.0,0.0,0.0,0.0,0.0,0.0,0.0,0.0,0.0,0.0,0.0,0.0,0.0,0.0,0.0,0.0,0.0,0.0,0.0,0.0,0.0,0.0,0.0,0.0,0.0,0.0,0.0,0,0.0,0.0,0.0,0.0,0.0,0.0,0.0,0.0,0.0,0.0,0.0,0.0,0.0,0.0,0.0,0.0,0.0,0.0,0.0,0.0,0.0,0.0,0.0,0.0,0.0,0.0,0.0,"Blue Source, LLC","Hull Forestlands Maine, LLC",Bluesource LLC,,,0,CAR,Active ARB Project,CAFR5426,2020-07-30 00:00:00,,,Improved Forest Management - ARB Compliance,https://thereserve2.apx.com/myModule/rpt/myrpt.asp?r=111,,0.0,0.0,0.0,0.0,0.0,0.0,0.0,0.0,0.0,0.0,0.0,0.0,0.0,0.0,0.0,0.0,0.0,0.0,0.0,0.0,0.0,0.0,0.0,0.0,0.0,0.0,0.0,,No longer found on registry as of v9 11/1/23,2021-04-14 00:00:00,,,,,,,,
VCS2420,Zhangjiakou Zhuolu County 2017 Afforestation Project,VCS,No,Delisted,Forestry & Land Use,Afforestation/Reforestation,AR-ACM0003,East Asia,China,,,"Zhangjiakou Sailin Landscaping Co., Ltd.",0,0,0,,0.0,0.0,0.0,0.0,0.0,0.0,0.0,0.0,0.0,0.0,0.0,0.0,0.0,0.0,0.0,0.0,0.0,0.0,0.0,0.0,0.0,0.0,0.0,0.0,0.0,0.0,0.0,0.0,0.0,0.0,0.0,0.0,0.0,0.0,0.0,0.0,0.0,0.0,0.0,0.0,0.0,0.0,0.0,0.0,0.0,0.0,0.0,0.0,0.0,0.0,0.0,0.0,0.0,0.0,0,0.0,0.0,0.0,0.0,0.0,0.0,0.0,0.0,0.0,0.0,0.0,0.0,0.0,0.0,0.0,0.0,0.0,0.0,0.0,0.0,0.0,0.0,0.0,0.0,0.0,0.0,0.0,,,,,88964,0,VCS,,,,,,Agriculture Forestry and Other Land Use,https://www.vcsprojectdatabase.org/#/projects,,0.0,0.0,0.0,0.0,0.0,0.0,0.0,0.0,0.0,0.0,0.0,0.0,0.0,0.0,0.0,0.0,0.0,0.0,0.0,0.0,0.0,0.0,0.0,0.0,0.0,0.0,0.0,,No longer found on registry as of v9 11/1/23,2021-09-02 00:00:00,0.0,0.0,0,0,0.0,,,v2 9-2021
VCS2517,EV Charging Infrastructure Project by EnKing International,VCS,No,Development Unsuccessful,Transportation,Electric Vehicles & Charging,VM0038,South Asia,India,,,EKI Energy Services Limited,0,0,0,,0.0,0.0,0.0,0.0,0.0,0.0,0.0,0.0,0.0,0.0,0.0,0.0,0.0,0.0,0.0,0.0,0.0,0.0,0.0,0.0,0.0,0.0,0.0,0.0,0.0,0.0,0.0,0.0,0.0,0.0,0.0,0.0,0.0,0.0,0.0,0.0,0.0,0.0,0.0,0.0,0.0,0.0,0.0,0.0,0.0,0.0,0.0,0.0,0.0,0.0,0.0,0.0,0.0,0.0,0,0.0,0.0,0.0,0.0,0.0,0.0,0.0,0.0,0.0,0.0,0.0,0.0,0.0,0.0,0.0,0.0,0.0,0.0,0.0,0.0,0.0,0.0,0.0,0.0,0.0,0.0,0.0,,,,,20174,0,VCS,,,,,,Energy industries (renewable/non-renewable sources); Transport,https://www.vcsprojectdatabase.org/#/projects,,0.0,0.0,0.0,0.0,0.0,0.0,0.0,0.0,0.0,0.0,0.0,0.0,0.0,0.0,0.0,0.0,0.0,0.0,0.0,0.0,0.0,0.0,0.0,0.0,0.0,0.0,0.0,,No longer found on registry as of v9 11/1/23,2021-12-31 00:00:00,,,,,,,,
VCS3318,Heilongjiang Nehe Afforestation Project,VCS,No,Development Unsuccessful,Forestry & Land Use,Afforestation/Reforestation,ACM0003,East Asia,China,,,"Nehe Hansenyuan Forestry Investment Co., Ltd",0,0,0,,0.0,0.0,0.0,0.0,0.0,0.0,0.0,0.0,0.0,0.0,0.0,0.0,0.0,0.0,0.0,0.0,0.0,0.0,0.0,0.0,0.0,0.0,0.0,0.0,0.0,0.0,0.0,0.0,0.0,0.0,0.0,0.0,0.0,0.0,0.0,0.0,0.0,0.0,0.0,0.0,0.0,0.0,0.0,0.0,0.0,0.0,0.0,0.0,0.0,0.0,0.0,0.0,0.0,0.0,0,0.0,0.0,0.0,0.0,0.0,0.0,0.0,0.0,0.0,0.0,0.0,0.0,0.0,0.0,0.0,0.0,0.0,0.0,0.0,0.0,0.0,0.0,0.0,0.0,0.0,0.0,0.0,,,,,24188,0,VCS,,,,,,Agriculture Forestry and Other Land Use,https://www.vcsprojectdatabase.org/#/projects,,0.0,0.0,0.0,0.0,0.0,0.0,0.0,0.0,0.0,0.0,0.0,0.0,0.0,0.0,0.0,0.0,0.0,0.0,0.0,0.0,0.0,0.0,0.0,0.0,0.0,0.0,0.0,,No longer found on registry as of v9 11/1/23,2022-11-09 00:00:00,,,,,,,,
VCS3435,Anhui Nanqiao Afforestation Project,VCS,No,Development Unsuccessful,Forestry & Land Use,Afforestation/Reforestation,AR-ACM0003,East Asia,China,,,"Chuzhou huangqingwei Modern Agricultural Development Co., Ltd",0,0,0,,0.0,0.0,0.0,0.0,0.0,0.0,0.0,0.0,0.0,0.0,0.0,0.0,0.0,0.0,0.0,0.0,0.0,0.0,0.0,0.0,0.0,0.0,0.0,0.0,0.0,0.0,0.0,0.0,0.0,0.0,0.0,0.0,0.0,0.0,0.0,0.0,0.0,0.0,0.0,0.0,0.0,0.0,0.0,0.0,0.0,0.0,0.0,0.0,0.0,0.0,0.0,0.0,0.0,0.0,0,0.0,0.0,0.0,0.0,0.0,0.0,0.0,0.0,0.0,0.0,0.0,0.0,0.0,0.0,0.0,0.0,0.0,0.0,0.0,0.0,0.0,0.0,0.0,0.0,0.0,0.0,0.0,,,,,36478,0,VCS,,,,,,Agriculture Forestry and Other Land Use,https://www.vcsprojectdatabase.org/#/projects,,0.0,0.0,0.0,0.0,0.0,0.0,0.0,0.0,0.0,0.0,0.0,0.0,0.0,0.0,0.0,0.0,0.0,0.0,0.0,0.0,0.0,0.0,0.0,0.0,0.0,0.0,0.0,,No longer found on registry as of v9 11/1/23,2022-11-09 00:00:00,,,,,,,,
VCS3518,JFMC PLANTATIONS IN CHHATTISGARH STATE,VCS,No,Development Unsuccessful,Forestry & Land Use,Afforestation/Reforestation,AR-ACM0003,South Asia,India,,,Chhattisgarh Forest Department,0,0,0,,0.0,0.0,0.0,0.0,0.0,0.0,0.0,0.0,0.0,0.0,0.0,0.0,0.0,0.0,0.0,0.0,0.0,0.0,0.0,0.0,0.0,0.0,0.0,0.0,0.0,0.0,0.0,0.0,0.0,0.0,0.0,0.0,0.0,0.0,0.0,0.0,0.0,0.0,0.0,0.0,0.0,0.0,0.0,0.0,0.0,0.0,0.0,0.0,0.0,0.0,0.0,0.0,0.0,0.0,0,0.0,0.0,0.0,0.0,0.0,0.0,0.0,0.0,0.0,0.0,0.0,0.0,0.0,0.0,0.0,0.0,0.0,0.0,0.0,0.0,0.0,0.0,0.0,0.0,0.0,0.0,0.0,,,,,67447,0,VCS,,,,,,Agriculture Forestry and Other Land Use,https://www.vcsprojectdatabase.org/#/projects,,0.0,0.0,0.0,0.0,0.0,0.0,0.0,0.0,0.0,0.0,0.0,0.0,0.0,0.0,0.0,0.0,0.0,0.0,0.0,0.0,0.0,0.0,0.0,0.0,0.0,0.0,0.0,,No longer found on registry as of v9 11/1/23,2022-11-09 00:00:00,,,,,,,,
VCS3555,Agroforestry Plantations in the Country by Greenply,VCS,No,Development Unsuccessful,Forestry & Land Use,Afforestation/Reforestation,AR-ACM0003,South Asia,India,,,Greenply Industries Limited (GIL),0,0,0,,0.0,0.0,0.0,0.0,0.0,0.0,0.0,0.0,0.0,0.0,0.0,0.0,0.0,0.0,0.0,0.0,0.0,0.0,0.0,0.0,0.0,0.0,0.0,0.0,0.0,0.0,0.0,0.0,0.0,0.0,0.0,0.0,0.0,0.0,0.0,0.0,0.0,0.0,0.0,0.0,0.0,0.0,0.0,0.0,0.0,0.0,0.0,0.0,0.0,0.0,0.0,0.0,0.0,0.0,0,0.0,0.0,0.0,0.0,0.0,0.0,0.0,0.0,0.0,0.0,0.0,0.0,0.0,0.0,0.0,0.0,0.0,0.0,0.0,0.0,0.0,0.0,0.0,0.0,0.0,0.0,0.0,,,,,65152,0,VCS,,,,,,Agriculture Forestry and Other Land Use,https://www.vcsprojectdatabase.org/#/projects,,0.0,0.0,0.0,0.0,0.0,0.0,0.0,0.0,0.0,0.0,0.0,0.0,0.0,0.0,0.0,0.0,0.0,0.0,0.0,0.0,0.0,0.0,0.0,0.0,0.0,0.0,0.0,,No longer found on registry as of v9 11/1/23,2022-11-09 00:00:00,,,,,,,,
VCS3566,Livelihood improvement by agroforestry plantation in India,VCS,No,Development Unsuccessful,Forestry & Land Use,Afforestation/Reforestation,AR-ACM0003,South Asia,India,,,Purncare Carbon Mitigation Solutions Private Limited,0,0,0,,0.0,0.0,0.0,0.0,0.0,0.0,0.0,0.0,0.0,0.0,0.0,0.0,0.0,0.0,0.0,0.0,0.0,0.0,0.0,0.0,0.0,0.0,0.0,0.0,0.0,0.0,0.0,0.0,0.0,0.0,0.0,0.0,0.0,0.0,0.0,0.0,0.0,0.0,0.0,0.0,0.0,0.0,0.0,0.0,0.0,0.0,0.0,0.0,0.0,0.0,0.0,0.0,0.0,0.0,0,0.0,0.0,0.0,0.0,0.0,0.0,0.0,0.0,0.0,0.0,0.0,0.0,0.0,0.0,0.0,0.0,0.0,0.0,0.0,0.0,0.0,0.0,0.0,0.0,0.0,0.0,0.0,,,,,61296,0,VCS,,,,,,Agriculture Forestry and Other Land Use,https://www.vcsprojectdatabase.org/#/projects,,0.0,0.0,0.0,0.0,0.0,0.0,0.0,0.0,0.0,0.0,0.0,0.0,0.0,0.0,0.0,0.0,0.0,0.0,0.0,0.0,0.0,0.0,0.0,0.0,0.0,0.0,0.0,,No longer found on registry as of v9 11/1/23,2022-11-09 00:00:00,,,,,,,,
VCS3910,ENHANCING LIVELIHOOD OF TRIBAL COMMUNITIES VIA CARBON FINANCE PROJECT,VCS,No,Rejected by Administrator,Forestry & Land Use,Afforestation/Reforestation,AR-ACM0003,South Asia,India,,,Varaha ClimateAg Private Limited,0,0,0,,0.0,0.0,0.0,0.0,0.0,0.0,0.0,0.0,0.0,0.0,0.0,0.0,0.0,0.0,0.0,0.0,0.0,0.0,0.0,0.0,0.0,0.0,0.0,0.0,0.0,0.0,0.0,0.0,0.0,0.0,0.0,0.0,0.0,0.0,0.0,0.0,0.0,0.0,0.0,0.0,0.0,0.0,0.0,0.0,0.0,0.0,0.0,0.0,0.0,0.0,0.0,0.0,0.0,0.0,0,0.0,0.0,0.0,0.0,0.0,0.0,0.0,0.0,0.0,0.0,0.0,0.0,0.0,0.0,0.0,0.0,0.0,0.0,0.0,0.0,0.0,0.0,0.0,0.0,0.0,0.0,0.0,,,,,959464,0,VCS,,,,,,Agriculture Forestry and Other Land Use,https://www.vcsprojectdatabase.org/#/projects,,0.0,0.0,0.0,0.0,0.0,0.0,0.0,0.0,0.0,0.0,0.0,0.0,0.0,0.0,0.0,0.0,0.0,0.0,0.0,0.0,0.0,0.0,0.0,0.0,0.0,0.0,0.0,,No longer found on registry as of v9 11/1/23,2023-01-01 00:00:00,,,,,,,,
VCS3912,VCS PROJECT FOR FARMERS ADOPTING ALTERNATE WETTING AND DRYING (AWD) METHOD FOR RICE CULTIVATION IN MADHYA PRADESH,VCS,No,Rejected by Administrator,Agriculture,Rice Emission Reductions,AMS-III.AU,South Asia,India,,,Varaha ClimateAg Private Limited,0,0,0,,0.0,0.0,0.0,0.0,0.0,0.0,0.0,0.0,0.0,0.0,0.0,0.0,0.0,0.0,0.0,0.0,0.0,0.0,0.0,0.0,0.0,0.0,0.0,0.0,0.0,0.0,0.0,0.0,0.0,0.0,0.0,0.0,0.0,0.0,0.0,0.0,0.0,0.0,0.0,0.0,0.0,0.0,0.0,0.0,0.0,0.0,0.0,0.0,0.0,0.0,0.0,0.0,0.0,0.0,0,0.0,0.0,0.0,0.0,0.0,0.0,0.0,0.0,0.0,0.0,0.0,0.0,0.0,0.0,0.0,0.0,0.0,0.0,0.0,0.0,0.0,0.0,0.0,0.0,0.0,0.0,0.0,,,,,51150,0,VCS,,,,,,Agriculture Forestry and Other Land Use,https://www.vcsprojectdatabase.org/#/projects,,0.0,0.0,0.0,0.0,0.0,0.0,0.0,0.0,0.0,0.0,0.0,0.0,0.0,0.0,0.0,0.0,0.0,0.0,0.0,0.0,0.0,0.0,0.0,0.0,0.0,0.0,0.0,,No longer found on registry as of v9 11/1/23,2023-01-01 00:00:00,,,,,,,,
